community,sector,n_tickers,community_size,sector_size,share_community,share_sector,period,start,end
0,Consumer Defensive,1,1,7,1.0,0.142857,2018Q1,2018-01-01,2018-03-31
1,Real Estate,1,1,4,1.0,0.25,2018Q1,2018-01-01,2018-03-31
2,Communication Services,1,17,2,0.058824,0.5,2018Q1,2018-01-01,2018-03-31
2,Consumer Cyclical,2,17,4,0.117647,0.5,2018Q1,2018-01-01,2018-03-31
2,Energy,1,17,5,0.058824,0.2,2018Q1,2018-01-01,2018-03-31
2,Financial Services,7,17,10,0.411765,0.7,2018Q1,2018-01-01,2018-03-31
2,Industrials,3,17,7,0.176471,0.428571,2018Q1,2018-01-01,2018-03-31
2,Real Estate,1,17,4,0.058824,0.25,2018Q1,2018-01-01,2018-03-31
2,Utilities,2,17,12,0.117647,0.166667,2018Q1,2018-01-01,2018-03-31
3,Consumer Cyclical,1,1,4,1.0,0.25,2018Q1,2018-01-01,2018-03-31
4,Consumer Defensive,1,1,7,1.0,0.142857,2018Q1,2018-01-01,2018-03-31
5,Financial Services,1,1,10,1.0,0.1,2018Q1,2018-01-01,2018-03-31
6,Basic Materials,6,8,8,0.75,0.75,2018Q1,2018-01-01,2018-03-31
6,Financial Services,1,8,10,0.125,0.1,2018Q1,2018-01-01,2018-03-31
6,Industrials,1,8,7,0.125,0.142857,2018Q1,2018-01-01,2018-03-31
7,Communication Services,1,1,2,1.0,0.5,2018Q1,2018-01-01,2018-03-31
8,Consumer Defensive,1,1,7,1.0,0.142857,2018Q1,2018-01-01,2018-03-31
9,Utilities,1,1,12,1.0,0.083333,2018Q1,2018-01-01,2018-03-31
10,Energy,1,1,5,1.0,0.2,2018Q1,2018-01-01,2018-03-31
11,Consumer Defensive,2,6,7,0.333333,0.285714,2018Q1,2018-01-01,2018-03-31
11,Energy,1,6,5,0.166667,0.2,2018Q1,2018-01-01,2018-03-31
11,Healthcare,1,6,3,0.166667,0.333333,2018Q1,2018-01-01,2018-03-31
11,Utilities,2,6,12,0.333333,0.166667,2018Q1,2018-01-01,2018-03-31
12,Real Estate,1,1,4,1.0,0.25,2018Q1,2018-01-01,2018-03-31
13,Industrials,1,1,7,1.0,0.142857,2018Q1,2018-01-01,2018-03-31
14,Utilities,1,1,12,1.0,0.083333,2018Q1,2018-01-01,2018-03-31
15,Utilities,1,1,12,1.0,0.083333,2018Q1,2018-01-01,2018-03-31
16,Utilities,1,1,12,1.0,0.083333,2018Q1,2018-01-01,2018-03-31
17,Healthcare,1,1,3,1.0,0.333333,2018Q1,2018-01-01,2018-03-31
18,Healthcare,1,1,3,1.0,0.333333,2018Q1,2018-01-01,2018-03-31
19,Utilities,1,1,12,1.0,0.083333,2018Q1,2018-01-01,2018-03-31
20,Basic Materials,1,1,8,1.0,0.125,2018Q1,2018-01-01,2018-03-31
21,Consumer Cyclical,1,5,4,0.2,0.25,2018Q1,2018-01-01,2018-03-31
21,Energy,1,5,5,0.2,0.2,2018Q1,2018-01-01,2018-03-31
21,Industrials,1,5,7,0.2,0.142857,2018Q1,2018-01-01,2018-03-31
21,Utilities,2,5,12,0.4,0.166667,2018Q1,2018-01-01,2018-03-31
22,Industrials,1,1,7,1.0,0.142857,2018Q1,2018-01-01,2018-03-31
23,Real Estate,1,1,4,1.0,0.25,2018Q1,2018-01-01,2018-03-31
24,Consumer Defensive,1,1,7,1.0,0.142857,2018Q1,2018-01-01,2018-03-31
25,Energy,1,1,5,1.0,0.2,2018Q1,2018-01-01,2018-03-31
26,Financial Services,1,1,10,1.0,0.1,2018Q1,2018-01-01,2018-03-31
27,Consumer Defensive,1,1,7,1.0,0.142857,2018Q1,2018-01-01,2018-03-31
28,Basic Materials,1,1,8,1.0,0.125,2018Q1,2018-01-01,2018-03-31
29,Utilities,1,1,12,1.0,0.083333,2018Q1,2018-01-01,2018-03-31
30,Technology,1,1,1,1.0,1.0,2018Q1,2018-01-01,2018-03-31
0,Communication Services,1,3,2,0.333333,0.5,2018Q2,2018-04-01,2018-06-30
0,Consumer Defensive,1,3,7,0.333333,0.142857,2018Q2,2018-04-01,2018-06-30
0,Utilities,1,3,12,0.333333,0.083333,2018Q2,2018-04-01,2018-06-30
1,Real Estate,1,1,4,1.0,0.25,2018Q2,2018-04-01,2018-06-30
2,Basic Materials,1,1,8,1.0,0.125,2018Q2,2018-04-01,2018-06-30
3,Energy,1,1,5,1.0,0.2,2018Q2,2018-04-01,2018-06-30
4,Consumer Cyclical,1,19,5,0.052632,0.2,2018Q2,2018-04-01,2018-06-30
4,Financial Services,7,19,11,0.368421,0.636364,2018Q2,2018-04-01,2018-06-30
4,Healthcare,1,19,3,0.052632,0.333333,2018Q2,2018-04-01,2018-06-30
4,Industrials,2,19,7,0.105263,0.285714,2018Q2,2018-04-01,2018-06-30
4,Real Estate,2,19,4,0.105263,0.5,2018Q2,2018-04-01,2018-06-30
4,Utilities,6,19,12,0.315789,0.5,2018Q2,2018-04-01,2018-06-30
5,Communication Services,1,1,2,1.0,0.5,2018Q2,2018-04-01,2018-06-30
6,Financial Services,2,3,11,0.666667,0.181818,2018Q2,2018-04-01,2018-06-30
6,Industrials,1,3,7,0.333333,0.142857,2018Q2,2018-04-01,2018-06-30
7,Consumer Defensive,1,1,7,1.0,0.142857,2018Q2,2018-04-01,2018-06-30
8,Basic Materials,1,2,8,0.5,0.125,2018Q2,2018-04-01,2018-06-30
8,Industrials,1,2,7,0.5,0.142857,2018Q2,2018-04-01,2018-06-30
9,Consumer Cyclical,3,13,5,0.230769,0.6,2018Q2,2018-04-01,2018-06-30
9,Consumer Defensive,3,13,7,0.230769,0.428571,2018Q2,2018-04-01,2018-06-30
9,Healthcare,1,13,3,0.076923,0.333333,2018Q2,2018-04-01,2018-06-30
9,Industrials,2,13,7,0.153846,0.285714,2018Q2,2018-04-01,2018-06-30
9,Real Estate,1,13,4,0.076923,0.25,2018Q2,2018-04-01,2018-06-30
9,Technology,1,13,1,0.076923,1.0,2018Q2,2018-04-01,2018-06-30
9,Utilities,2,13,12,0.153846,0.166667,2018Q2,2018-04-01,2018-06-30
10,Energy,1,1,5,1.0,0.2,2018Q2,2018-04-01,2018-06-30
11,Utilities,1,1,12,1.0,0.083333,2018Q2,2018-04-01,2018-06-30
12,Industrials,1,1,7,1.0,0.142857,2018Q2,2018-04-01,2018-06-30
13,Utilities,1,1,12,1.0,0.083333,2018Q2,2018-04-01,2018-06-30
14,Basic Materials,5,11,8,0.454545,0.625,2018Q2,2018-04-01,2018-06-30
14,Consumer Cyclical,1,11,5,0.090909,0.2,2018Q2,2018-04-01,2018-06-30
14,Energy,2,11,5,0.181818,0.4,2018Q2,2018-04-01,2018-06-30
14,Financial Services,2,11,11,0.181818,0.181818,2018Q2,2018-04-01,2018-06-30
14,Utilities,1,11,12,0.090909,0.083333,2018Q2,2018-04-01,2018-06-30
15,Basic Materials,1,1,8,1.0,0.125,2018Q2,2018-04-01,2018-06-30
16,Consumer Defensive,1,1,7,1.0,0.142857,2018Q2,2018-04-01,2018-06-30
17,Healthcare,1,1,3,1.0,0.333333,2018Q2,2018-04-01,2018-06-30
18,Consumer Defensive,1,1,7,1.0,0.142857,2018Q2,2018-04-01,2018-06-30
19,Energy,1,1,5,1.0,0.2,2018Q2,2018-04-01,2018-06-30
0,Consumer Defensive,1,1,7,1.0,0.142857,2018Q3,2018-07-01,2018-09-30
1,Real Estate,1,1,4,1.0,0.25,2018Q3,2018-07-01,2018-09-30
2,Consumer Cyclical,2,11,5,0.181818,0.4,2018Q3,2018-07-01,2018-09-30
2,Consumer Defensive,1,11,7,0.090909,0.142857,2018Q3,2018-07-01,2018-09-30
2,Energy,2,11,5,0.181818,0.4,2018Q3,2018-07-01,2018-09-30
2,Financial Services,1,11,11,0.090909,0.090909,2018Q3,2018-07-01,2018-09-30
2,Industrials,2,11,7,0.181818,0.285714,2018Q3,2018-07-01,2018-09-30
2,Real Estate,1,11,4,0.090909,0.25,2018Q3,2018-07-01,2018-09-30
2,Utilities,2,11,12,0.181818,0.166667,2018Q3,2018-07-01,2018-09-30
3,Consumer Cyclical,1,1,5,1.0,0.2,2018Q3,2018-07-01,2018-09-30
4,Communication Services,1,13,2,0.076923,0.5,2018Q3,2018-07-01,2018-09-30
4,Consumer Defensive,1,13,7,0.076923,0.142857,2018Q3,2018-07-01,2018-09-30
4,Financial Services,3,13,11,0.230769,0.272727,2018Q3,2018-07-01,2018-09-30
4,Industrials,3,13,7,0.230769,0.428571,2018Q3,2018-07-01,2018-09-30
4,Utilities,5,13,12,0.384615,0.416667,2018Q3,2018-07-01,2018-09-30
5,Communication Services,1,1,2,1.0,0.5,2018Q3,2018-07-01,2018-09-30
6,Consumer Defensive,2,6,7,0.333333,0.285714,2018Q3,2018-07-01,2018-09-30
6,Financial Services,1,6,11,0.166667,0.090909,2018Q3,2018-07-01,2018-09-30
6,Healthcare,1,6,3,0.166667,0.333333,2018Q3,2018-07-01,2018-09-30
6,Technology,1,6,1,0.166667,1.0,2018Q3,2018-07-01,2018-09-30
6,Utilities,1,6,12,0.166667,0.083333,2018Q3,2018-07-01,2018-09-30
7,Consumer Defensive,1,1,7,1.0,0.142857,2018Q3,2018-07-01,2018-09-30
8,Consumer Cyclical,1,5,5,0.2,0.2,2018Q3,2018-07-01,2018-09-30
8,Energy,2,5,5,0.4,0.4,2018Q3,2018-07-01,2018-09-30
8,Financial Services,1,5,11,0.2,0.090909,2018Q3,2018-07-01,2018-09-30
8,Industrials,1,5,7,0.2,0.142857,2018Q3,2018-07-01,2018-09-30
9,Basic Materials,5,7,8,0.714286,0.625,2018Q3,2018-07-01,2018-09-30
9,Financial Services,2,7,11,0.285714,0.181818,2018Q3,2018-07-01,2018-09-30
10,Basic Materials,1,1,8,1.0,0.125,2018Q3,2018-07-01,2018-09-30
11,Consumer Defensive,1,1,7,1.0,0.142857,2018Q3,2018-07-01,2018-09-30
12,Utilities,1,1,12,1.0,0.083333,2018Q3,2018-07-01,2018-09-30
13,Consumer Cyclical,1,6,5,0.166667,0.2,2018Q3,2018-07-01,2018-09-30
13,Financial Services,1,6,11,0.166667,0.090909,2018Q3,2018-07-01,2018-09-30
13,Healthcare,1,6,3,0.166667,0.333333,2018Q3,2018-07-01,2018-09-30
13,Real Estate,2,6,4,0.333333,0.5,2018Q3,2018-07-01,2018-09-30
13,Utilities,1,6,12,0.166667,0.083333,2018Q3,2018-07-01,2018-09-30
14,Healthcare,1,1,3,1.0,0.333333,2018Q3,2018-07-01,2018-09-30
15,Industrials,1,1,7,1.0,0.142857,2018Q3,2018-07-01,2018-09-30
16,Utilities,1,1,12,1.0,0.083333,2018Q3,2018-07-01,2018-09-30
17,Utilities,1,1,12,1.0,0.083333,2018Q3,2018-07-01,2018-09-30
18,Financial Services,1,1,11,1.0,0.090909,2018Q3,2018-07-01,2018-09-30
19,Basic Materials,1,1,8,1.0,0.125,2018Q3,2018-07-01,2018-09-30
20,Basic Materials,1,1,8,1.0,0.125,2018Q3,2018-07-01,2018-09-30
21,Energy,1,1,5,1.0,0.2,2018Q3,2018-07-01,2018-09-30
22,Financial Services,1,1,11,1.0,0.090909,2018Q3,2018-07-01,2018-09-30
0,Basic Materials,1,1,8,1.0,0.125,2018Q4,2018-10-01,2018-12-31
1,Basic Materials,5,7,8,0.714286,0.625,2018Q4,2018-10-01,2018-12-31
1,Financial Services,1,7,11,0.142857,0.090909,2018Q4,2018-10-01,2018-12-31
1,Real Estate,1,7,4,0.142857,0.25,2018Q4,2018-10-01,2018-12-31
2,Consumer Cyclical,4,14,5,0.285714,0.8,2018Q4,2018-10-01,2018-12-31
2,Energy,2,14,5,0.142857,0.4,2018Q4,2018-10-01,2018-12-31
2,Financial Services,2,14,11,0.142857,0.181818,2018Q4,2018-10-01,2018-12-31
2,Industrials,1,14,7,0.071429,0.142857,2018Q4,2018-10-01,2018-12-31
2,Real Estate,1,14,4,0.071429,0.25,2018Q4,2018-10-01,2018-12-31
2,Utilities,4,14,12,0.285714,0.333333,2018Q4,2018-10-01,2018-12-31
3,Consumer Defensive,2,7,7,0.285714,0.285714,2018Q4,2018-10-01,2018-12-31
3,Energy,1,7,5,0.142857,0.2,2018Q4,2018-10-01,2018-12-31
3,Financial Services,1,7,11,0.142857,0.090909,2018Q4,2018-10-01,2018-12-31
3,Industrials,1,7,7,0.142857,0.142857,2018Q4,2018-10-01,2018-12-31
3,Real Estate,1,7,4,0.142857,0.25,2018Q4,2018-10-01,2018-12-31
3,Utilities,1,7,12,0.142857,0.083333,2018Q4,2018-10-01,2018-12-31
4,Communication Services,2,23,2,0.086957,1.0,2018Q4,2018-10-01,2018-12-31
4,Consumer Cyclical,1,23,5,0.043478,0.2,2018Q4,2018-10-01,2018-12-31
4,Consumer Defensive,3,23,7,0.130435,0.428571,2018Q4,2018-10-01,2018-12-31
4,Financial Services,4,23,11,0.173913,0.363636,2018Q4,2018-10-01,2018-12-31
4,Healthcare,3,23,3,0.130435,1.0,2018Q4,2018-10-01,2018-12-31
4,Industrials,3,23,7,0.130435,0.428571,2018Q4,2018-10-01,2018-12-31
4,Real Estate,1,23,4,0.043478,0.25,2018Q4,2018-10-01,2018-12-31
4,Utilities,6,23,12,0.26087,0.5,2018Q4,2018-10-01,2018-12-31
5,Financial Services,1,1,11,1.0,0.090909,2018Q4,2018-10-01,2018-12-31
6,Basic Materials,1,1,8,1.0,0.125,2018Q4,2018-10-01,2018-12-31
7,Utilities,1,1,12,1.0,0.083333,2018Q4,2018-10-01,2018-12-31
8,Technology,1,1,1,1.0,1.0,2018Q4,2018-10-01,2018-12-31
9,Energy,1,1,5,1.0,0.2,2018Q4,2018-10-01,2018-12-31
10,Industrials,1,1,7,1.0,0.142857,2018Q4,2018-10-01,2018-12-31
11,Financial Services,1,1,11,1.0,0.090909,2018Q4,2018-10-01,2018-12-31
12,Industrials,1,1,7,1.0,0.142857,2018Q4,2018-10-01,2018-12-31
13,Basic Materials,1,1,8,1.0,0.125,2018Q4,2018-10-01,2018-12-31
14,Consumer Defensive,1,1,7,1.0,0.142857,2018Q4,2018-10-01,2018-12-31
15,Energy,1,1,5,1.0,0.2,2018Q4,2018-10-01,2018-12-31
16,Financial Services,1,1,11,1.0,0.090909,2018Q4,2018-10-01,2018-12-31
17,Consumer Defensive,1,1,7,1.0,0.142857,2018Q4,2018-10-01,2018-12-31
0,Consumer Defensive,1,1,7,1.0,0.142857,2019Q1,2019-01-01,2019-03-31
1,Real Estate,1,1,4,1.0,0.25,2019Q1,2019-01-01,2019-03-31
2,Financial Services,1,1,11,1.0,0.090909,2019Q1,2019-01-01,2019-03-31
3,Communication Services,1,12,2,0.083333,0.5,2019Q1,2019-01-01,2019-03-31
3,Consumer Cyclical,3,12,5,0.25,0.6,2019Q1,2019-01-01,2019-03-31
3,Financial Services,4,12,11,0.333333,0.363636,2019Q1,2019-01-01,2019-03-31
3,Industrials,3,12,7,0.25,0.428571,2019Q1,2019-01-01,2019-03-31
3,Real Estate,1,12,4,0.083333,0.25,2019Q1,2019-01-01,2019-03-31
4,Consumer Defensive,2,12,7,0.166667,0.285714,2019Q1,2019-01-01,2019-03-31
4,Energy,1,12,5,0.083333,0.2,2019Q1,2019-01-01,2019-03-31
4,Financial Services,2,12,11,0.166667,0.181818,2019Q1,2019-01-01,2019-03-31
4,Healthcare,1,12,3,0.083333,0.333333,2019Q1,2019-01-01,2019-03-31
4,Industrials,2,12,7,0.166667,0.285714,2019Q1,2019-01-01,2019-03-31
4,Utilities,4,12,12,0.333333,0.333333,2019Q1,2019-01-01,2019-03-31
5,Basic Materials,4,11,8,0.363636,0.5,2019Q1,2019-01-01,2019-03-31
5,Consumer Defensive,2,11,7,0.181818,0.285714,2019Q1,2019-01-01,2019-03-31
5,Energy,3,11,5,0.272727,0.6,2019Q1,2019-01-01,2019-03-31
5,Financial Services,2,11,11,0.181818,0.181818,2019Q1,2019-01-01,2019-03-31
6,Healthcare,1,1,3,1.0,0.333333,2019Q1,2019-01-01,2019-03-31
7,Consumer Defensive,1,1,7,1.0,0.142857,2019Q1,2019-01-01,2019-03-31
8,Basic Materials,1,1,8,1.0,0.125,2019Q1,2019-01-01,2019-03-31
9,Basic Materials,1,1,8,1.0,0.125,2019Q1,2019-01-01,2019-03-31
10,Technology,1,1,1,1.0,1.0,2019Q1,2019-01-01,2019-03-31
11,Utilities,1,1,12,1.0,0.083333,2019Q1,2019-01-01,2019-03-31
12,Consumer Cyclical,2,11,5,0.181818,0.4,2019Q1,2019-01-01,2019-03-31
12,Financial Services,1,11,11,0.090909,0.090909,2019Q1,2019-01-01,2019-03-31
12,Real Estate,1,11,4,0.090909,0.25,2019Q1,2019-01-01,2019-03-31
12,Utilities,7,11,12,0.636364,0.583333,2019Q1,2019-01-01,2019-03-31
13,Basic Materials,1,1,8,1.0,0.125,2019Q1,2019-01-01,2019-03-31
14,Communication Services,1,1,2,1.0,0.5,2019Q1,2019-01-01,2019-03-31
15,Industrials,1,1,7,1.0,0.142857,2019Q1,2019-01-01,2019-03-31
16,Financial Services,1,1,11,1.0,0.090909,2019Q1,2019-01-01,2019-03-31
17,Healthcare,1,1,3,1.0,0.333333,2019Q1,2019-01-01,2019-03-31
18,Basic Materials,1,1,8,1.0,0.125,2019Q1,2019-01-01,2019-03-31
19,Real Estate,1,1,4,1.0,0.25,2019Q1,2019-01-01,2019-03-31
20,Consumer Defensive,1,1,7,1.0,0.142857,2019Q1,2019-01-01,2019-03-31
21,Industrials,1,1,7,1.0,0.142857,2019Q1,2019-01-01,2019-03-31
22,Energy,1,1,5,1.0,0.2,2019Q1,2019-01-01,2019-03-31
0,Consumer Defensive,1,10,7,0.1,0.142857,2019Q2,2019-04-01,2019-06-30
0,Financial Services,5,10,11,0.5,0.454545,2019Q2,2019-04-01,2019-06-30
0,Healthcare,2,10,3,0.2,0.666667,2019Q2,2019-04-01,2019-06-30
0,Industrials,2,10,7,0.2,0.285714,2019Q2,2019-04-01,2019-06-30
1,Real Estate,1,1,4,1.0,0.25,2019Q2,2019-04-01,2019-06-30
2,Consumer Cyclical,2,8,5,0.25,0.4,2019Q2,2019-04-01,2019-06-30
2,Industrials,1,8,7,0.125,0.142857,2019Q2,2019-04-01,2019-06-30
2,Real Estate,1,8,4,0.125,0.25,2019Q2,2019-04-01,2019-06-30
2,Utilities,4,8,12,0.5,0.333333,2019Q2,2019-04-01,2019-06-30
3,Consumer Cyclical,1,1,5,1.0,0.2,2019Q2,2019-04-01,2019-06-30
4,Consumer Defensive,2,7,7,0.285714,0.285714,2019Q2,2019-04-01,2019-06-30
4,Energy,2,7,5,0.285714,0.4,2019Q2,2019-04-01,2019-06-30
4,Financial Services,1,7,11,0.142857,0.090909,2019Q2,2019-04-01,2019-06-30
4,Industrials,2,7,7,0.285714,0.285714,2019Q2,2019-04-01,2019-06-30
5,Technology,1,1,1,1.0,1.0,2019Q2,2019-04-01,2019-06-30
6,Financial Services,1,1,11,1.0,0.090909,2019Q2,2019-04-01,2019-06-30
7,Consumer Defensive,1,1,7,1.0,0.142857,2019Q2,2019-04-01,2019-06-30
8,Financial Services,1,1,11,1.0,0.090909,2019Q2,2019-04-01,2019-06-30
9,Basic Materials,5,6,8,0.833333,0.625,2019Q2,2019-04-01,2019-06-30
9,Financial Services,1,6,11,0.166667,0.090909,2019Q2,2019-04-01,2019-06-30
10,Basic Materials,1,1,8,1.0,0.125,2019Q2,2019-04-01,2019-06-30
11,Consumer Cyclical,2,11,5,0.181818,0.4,2019Q2,2019-04-01,2019-06-30
11,Energy,2,11,5,0.181818,0.4,2019Q2,2019-04-01,2019-06-30
11,Real Estate,1,11,4,0.090909,0.25,2019Q2,2019-04-01,2019-06-30
11,Utilities,6,11,12,0.545455,0.5,2019Q2,2019-04-01,2019-06-30
12,Communication Services,1,1,2,1.0,0.5,2019Q2,2019-04-01,2019-06-30
13,Utilities,1,1,12,1.0,0.083333,2019Q2,2019-04-01,2019-06-30
14,Communication Services,1,1,2,1.0,0.5,2019Q2,2019-04-01,2019-06-30
15,Real Estate,1,1,4,1.0,0.25,2019Q2,2019-04-01,2019-06-30
16,Industrials,1,1,7,1.0,0.142857,2019Q2,2019-04-01,2019-06-30
17,Utilities,1,1,12,1.0,0.083333,2019Q2,2019-04-01,2019-06-30
18,Financial Services,1,1,11,1.0,0.090909,2019Q2,2019-04-01,2019-06-30
19,Healthcare,1,1,3,1.0,0.333333,2019Q2,2019-04-01,2019-06-30
20,Basic Materials,2,2,8,1.0,0.25,2019Q2,2019-04-01,2019-06-30
21,Consumer Defensive,1,1,7,1.0,0.142857,2019Q2,2019-04-01,2019-06-30
22,Consumer Defensive,1,1,7,1.0,0.142857,2019Q2,2019-04-01,2019-06-30
23,Energy,1,1,5,1.0,0.2,2019Q2,2019-04-01,2019-06-30
24,Financial Services,1,1,11,1.0,0.090909,2019Q2,2019-04-01,2019-06-30
25,Industrials,1,1,7,1.0,0.142857,2019Q2,2019-04-01,2019-06-30
26,Consumer Defensive,1,1,7,1.0,0.142857,2019Q2,2019-04-01,2019-06-30
0,Energy,1,6,5,0.166667,0.2,2019Q3,2019-07-01,2019-09-30
0,Financial Services,2,6,11,0.333333,0.181818,2019Q3,2019-07-01,2019-09-30
0,Industrials,2,6,7,0.333333,0.285714,2019Q3,2019-07-01,2019-09-30
0,Technology,1,6,1,0.166667,1.0,2019Q3,2019-07-01,2019-09-30
1,Communication Services,1,26,2,0.038462,0.5,2019Q3,2019-07-01,2019-09-30
1,Consumer Cyclical,5,26,5,0.192308,1.0,2019Q3,2019-07-01,2019-09-30
1,Consumer Defensive,1,26,7,0.038462,0.142857,2019Q3,2019-07-01,2019-09-30
1,Financial Services,1,26,11,0.038462,0.090909,2019Q3,2019-07-01,2019-09-30
1,Healthcare,1,26,3,0.038462,0.333333,2019Q3,2019-07-01,2019-09-30
1,Industrials,1,26,7,0.038462,0.142857,2019Q3,2019-07-01,2019-09-30
1,Real Estate,4,26,4,0.153846,1.0,2019Q3,2019-07-01,2019-09-30
1,Utilities,12,26,12,0.461538,1.0,2019Q3,2019-07-01,2019-09-30
2,Consumer Defensive,1,1,7,1.0,0.142857,2019Q3,2019-07-01,2019-09-30
3,Communication Services,1,1,2,1.0,0.5,2019Q3,2019-07-01,2019-09-30
4,Financial Services,5,6,11,0.833333,0.454545,2019Q3,2019-07-01,2019-09-30
4,Industrials,1,6,7,0.166667,0.142857,2019Q3,2019-07-01,2019-09-30
5,Consumer Defensive,1,1,7,1.0,0.142857,2019Q3,2019-07-01,2019-09-30
6,Financial Services,1,1,11,1.0,0.090909,2019Q3,2019-07-01,2019-09-30
7,Basic Materials,1,1,8,1.0,0.125,2019Q3,2019-07-01,2019-09-30
8,Healthcare,1,1,3,1.0,0.333333,2019Q3,2019-07-01,2019-09-30
9,Basic Materials,7,16,8,0.4375,0.875,2019Q3,2019-07-01,2019-09-30
9,Consumer Defensive,2,16,7,0.125,0.285714,2019Q3,2019-07-01,2019-09-30
9,Energy,3,16,5,0.1875,0.6,2019Q3,2019-07-01,2019-09-30
9,Financial Services,1,16,11,0.0625,0.090909,2019Q3,2019-07-01,2019-09-30
9,Healthcare,1,16,3,0.0625,0.333333,2019Q3,2019-07-01,2019-09-30
9,Industrials,2,16,7,0.125,0.285714,2019Q3,2019-07-01,2019-09-30
10,Financial Services,1,1,11,1.0,0.090909,2019Q3,2019-07-01,2019-09-30
11,Consumer Defensive,1,1,7,1.0,0.142857,2019Q3,2019-07-01,2019-09-30
12,Consumer Defensive,1,1,7,1.0,0.142857,2019Q3,2019-07-01,2019-09-30
13,Industrials,1,1,7,1.0,0.142857,2019Q3,2019-07-01,2019-09-30
14,Energy,1,1,5,1.0,0.2,2019Q3,2019-07-01,2019-09-30
0,Consumer Defensive,1,1,7,1.0,0.142857,2019Q4,2019-10-01,2019-12-31
1,Consumer Cyclical,1,2,7,0.5,0.142857,2019Q4,2019-10-01,2019-12-31
1,Real Estate,1,2,4,0.5,0.25,2019Q4,2019-10-01,2019-12-31
2,Energy,1,1,5,1.0,0.2,2019Q4,2019-10-01,2019-12-31
3,Consumer Cyclical,1,1,7,1.0,0.142857,2019Q4,2019-10-01,2019-12-31
4,Financial Services,1,1,11,1.0,0.090909,2019Q4,2019-10-01,2019-12-31
5,Energy,2,9,5,0.222222,0.4,2019Q4,2019-10-01,2019-12-31
5,Financial Services,6,9,11,0.666667,0.545455,2019Q4,2019-10-01,2019-12-31
5,Industrials,1,9,7,0.111111,0.142857,2019Q4,2019-10-01,2019-12-31
6,Consumer Defensive,1,1,7,1.0,0.142857,2019Q4,2019-10-01,2019-12-31
7,Financial Services,1,1,11,1.0,0.090909,2019Q4,2019-10-01,2019-12-31
8,Basic Materials,5,6,8,0.833333,0.625,2019Q4,2019-10-01,2019-12-31
8,Financial Services,1,6,11,0.166667,0.090909,2019Q4,2019-10-01,2019-12-31
9,Basic Materials,1,2,8,0.5,0.125,2019Q4,2019-10-01,2019-12-31
9,Industrials,1,2,7,0.5,0.142857,2019Q4,2019-10-01,2019-12-31
10,Consumer Cyclical,1,1,7,1.0,0.142857,2019Q4,2019-10-01,2019-12-31
11,Consumer Cyclical,3,14,7,0.214286,0.428571,2019Q4,2019-10-01,2019-12-31
11,Consumer Defensive,3,14,7,0.214286,0.428571,2019Q4,2019-10-01,2019-12-31
11,Energy,1,14,5,0.071429,0.2,2019Q4,2019-10-01,2019-12-31
11,Healthcare,1,14,3,0.071429,0.333333,2019Q4,2019-10-01,2019-12-31
11,Industrials,3,14,7,0.214286,0.428571,2019Q4,2019-10-01,2019-12-31
11,Real Estate,1,14,4,0.071429,0.25,2019Q4,2019-10-01,2019-12-31
11,Utilities,2,14,12,0.142857,0.166667,2019Q4,2019-10-01,2019-12-31
12,Consumer Cyclical,1,1,7,1.0,0.142857,2019Q4,2019-10-01,2019-12-31
13,Communication Services,1,1,2,1.0,0.5,2019Q4,2019-10-01,2019-12-31
14,Utilities,1,1,12,1.0,0.083333,2019Q4,2019-10-01,2019-12-31
15,Communication Services,1,1,2,1.0,0.5,2019Q4,2019-10-01,2019-12-31
16,Real Estate,1,9,4,0.111111,0.25,2019Q4,2019-10-01,2019-12-31
16,Utilities,8,9,12,0.888889,0.666667,2019Q4,2019-10-01,2019-12-31
17,Technology,1,1,1,1.0,1.0,2019Q4,2019-10-01,2019-12-31
18,Industrials,1,1,7,1.0,0.142857,2019Q4,2019-10-01,2019-12-31
19,Utilities,1,1,12,1.0,0.083333,2019Q4,2019-10-01,2019-12-31
20,Financial Services,1,1,11,1.0,0.090909,2019Q4,2019-10-01,2019-12-31
21,Healthcare,1,1,3,1.0,0.333333,2019Q4,2019-10-01,2019-12-31
22,Basic Materials,2,2,8,1.0,0.25,2019Q4,2019-10-01,2019-12-31
23,Consumer Defensive,1,1,7,1.0,0.142857,2019Q4,2019-10-01,2019-12-31
24,Real Estate,1,1,4,1.0,0.25,2019Q4,2019-10-01,2019-12-31
25,Industrials,1,1,7,1.0,0.142857,2019Q4,2019-10-01,2019-12-31
26,Energy,1,1,5,1.0,0.2,2019Q4,2019-10-01,2019-12-31
27,Financial Services,1,1,11,1.0,0.090909,2019Q4,2019-10-01,2019-12-31
28,Healthcare,1,1,3,1.0,0.333333,2019Q4,2019-10-01,2019-12-31
29,Consumer Defensive,1,1,7,1.0,0.142857,2019Q4,2019-10-01,2019-12-31
0,Basic Materials,2,33,8,0.060606,0.25,2020Q1,2020-01-01,2020-03-31
0,Consumer Cyclical,6,33,7,0.181818,0.857143,2020Q1,2020-01-01,2020-03-31
0,Consumer Defensive,5,33,6,0.151515,0.833333,2020Q1,2020-01-01,2020-03-31
0,Energy,4,33,5,0.121212,0.8,2020Q1,2020-01-01,2020-03-31
0,Financial Services,2,33,11,0.060606,0.181818,2020Q1,2020-01-01,2020-03-31
0,Healthcare,2,33,3,0.060606,0.666667,2020Q1,2020-01-01,2020-03-31
0,Industrials,4,33,7,0.121212,0.571429,2020Q1,2020-01-01,2020-03-31
0,Real Estate,3,33,4,0.090909,0.75,2020Q1,2020-01-01,2020-03-31
0,Technology,1,33,1,0.030303,1.0,2020Q1,2020-01-01,2020-03-31
0,Utilities,4,33,12,0.121212,0.333333,2020Q1,2020-01-01,2020-03-31
1,Basic Materials,6,33,8,0.181818,0.75,2020Q1,2020-01-01,2020-03-31
1,Communication Services,2,33,2,0.060606,1.0,2020Q1,2020-01-01,2020-03-31
1,Consumer Cyclical,1,33,7,0.030303,0.142857,2020Q1,2020-01-01,2020-03-31
1,Consumer Defensive,1,33,6,0.030303,0.166667,2020Q1,2020-01-01,2020-03-31
1,Energy,1,33,5,0.030303,0.2,2020Q1,2020-01-01,2020-03-31
1,Financial Services,9,33,11,0.272727,0.818182,2020Q1,2020-01-01,2020-03-31
1,Healthcare,1,33,3,0.030303,0.333333,2020Q1,2020-01-01,2020-03-31
1,Industrials,3,33,7,0.090909,0.428571,2020Q1,2020-01-01,2020-03-31
1,Real Estate,1,33,4,0.030303,0.25,2020Q1,2020-01-01,2020-03-31
1,Utilities,8,33,12,0.242424,0.666667,2020Q1,2020-01-01,2020-03-31
0,Basic Materials,1,22,8,0.045455,0.125,2020Q2,2020-04-01,2020-06-30
0,Communication Services,2,22,2,0.090909,1.0,2020Q2,2020-04-01,2020-06-30
0,Consumer Cyclical,1,22,7,0.045455,0.142857,2020Q2,2020-04-01,2020-06-30
0,Consumer Defensive,1,22,6,0.045455,0.166667,2020Q2,2020-04-01,2020-06-30
0,Energy,2,22,5,0.090909,0.4,2020Q2,2020-04-01,2020-06-30
0,Financial Services,1,22,11,0.045455,0.090909,2020Q2,2020-04-01,2020-06-30
0,Industrials,1,22,7,0.045455,0.142857,2020Q2,2020-04-01,2020-06-30
0,Technology,1,22,1,0.045455,1.0,2020Q2,2020-04-01,2020-06-30
0,Utilities,12,22,12,0.545455,1.0,2020Q2,2020-04-01,2020-06-30
1,Consumer Cyclical,5,19,7,0.263158,0.714286,2020Q2,2020-04-01,2020-06-30
1,Consumer Defensive,2,19,6,0.105263,0.333333,2020Q2,2020-04-01,2020-06-30
1,Financial Services,4,19,11,0.210526,0.363636,2020Q2,2020-04-01,2020-06-30
1,Healthcare,2,19,3,0.105263,0.666667,2020Q2,2020-04-01,2020-06-30
1,Industrials,2,19,7,0.105263,0.285714,2020Q2,2020-04-01,2020-06-30
1,Real Estate,4,19,4,0.210526,1.0,2020Q2,2020-04-01,2020-06-30
2,Consumer Defensive,1,1,6,1.0,0.166667,2020Q2,2020-04-01,2020-06-30
3,Consumer Defensive,2,2,6,1.0,0.333333,2020Q2,2020-04-01,2020-06-30
4,Basic Materials,5,16,8,0.3125,0.625,2020Q2,2020-04-01,2020-06-30
4,Energy,3,16,5,0.1875,0.6,2020Q2,2020-04-01,2020-06-30
4,Financial Services,6,16,11,0.375,0.545455,2020Q2,2020-04-01,2020-06-30
4,Industrials,2,16,7,0.125,0.285714,2020Q2,2020-04-01,2020-06-30
5,Healthcare,1,2,3,0.5,0.333333,2020Q2,2020-04-01,2020-06-30
5,Industrials,1,2,7,0.5,0.142857,2020Q2,2020-04-01,2020-06-30
6,Basic Materials,2,2,8,1.0,0.25,2020Q2,2020-04-01,2020-06-30
7,Consumer Cyclical,1,1,7,1.0,0.142857,2020Q2,2020-04-01,2020-06-30
8,Industrials,1,1,7,1.0,0.142857,2020Q2,2020-04-01,2020-06-30
0,Consumer Defensive,1,9,6,0.111111,0.166667,2020Q3,2020-07-01,2020-09-30
0,Energy,1,9,5,0.111111,0.2,2020Q3,2020-07-01,2020-09-30
0,Financial Services,5,9,11,0.555556,0.454545,2020Q3,2020-07-01,2020-09-30
0,Industrials,2,9,7,0.222222,0.285714,2020Q3,2020-07-01,2020-09-30
1,Consumer Cyclical,7,23,7,0.304348,1.0,2020Q3,2020-07-01,2020-09-30
1,Consumer Defensive,2,23,6,0.086957,0.333333,2020Q3,2020-07-01,2020-09-30
1,Financial Services,3,23,11,0.130435,0.272727,2020Q3,2020-07-01,2020-09-30
1,Healthcare,1,23,3,0.043478,0.333333,2020Q3,2020-07-01,2020-09-30
1,Industrials,5,23,7,0.217391,0.714286,2020Q3,2020-07-01,2020-09-30
1,Real Estate,4,23,4,0.173913,1.0,2020Q3,2020-07-01,2020-09-30
1,Technology,1,23,1,0.043478,1.0,2020Q3,2020-07-01,2020-09-30
2,Financial Services,2,12,11,0.166667,0.181818,2020Q3,2020-07-01,2020-09-30
2,Healthcare,1,12,3,0.083333,0.333333,2020Q3,2020-07-01,2020-09-30
2,Utilities,9,12,12,0.75,0.75,2020Q3,2020-07-01,2020-09-30
3,Communication Services,2,5,2,0.4,1.0,2020Q3,2020-07-01,2020-09-30
3,Energy,1,5,5,0.2,0.2,2020Q3,2020-07-01,2020-09-30
3,Utilities,2,5,12,0.4,0.166667,2020Q3,2020-07-01,2020-09-30
4,Consumer Defensive,2,2,6,1.0,0.333333,2020Q3,2020-07-01,2020-09-30
5,Basic Materials,6,10,8,0.6,0.75,2020Q3,2020-07-01,2020-09-30
5,Energy,3,10,5,0.3,0.6,2020Q3,2020-07-01,2020-09-30
5,Financial Services,1,10,11,0.1,0.090909,2020Q3,2020-07-01,2020-09-30
6,Consumer Defensive,1,1,6,1.0,0.166667,2020Q3,2020-07-01,2020-09-30
7,Utilities,1,1,12,1.0,0.083333,2020Q3,2020-07-01,2020-09-30
8,Healthcare,1,1,3,1.0,0.333333,2020Q3,2020-07-01,2020-09-30
9,Basic Materials,2,2,8,1.0,0.25,2020Q3,2020-07-01,2020-09-30
0,Communication Services,1,16,2,0.0625,0.5,2020Q4,2020-10-01,2020-12-31
0,Consumer Cyclical,1,16,7,0.0625,0.142857,2020Q4,2020-10-01,2020-12-31
0,Consumer Defensive,3,16,6,0.1875,0.5,2020Q4,2020-10-01,2020-12-31
0,Energy,2,16,6,0.125,0.333333,2020Q4,2020-10-01,2020-12-31
0,Financial Services,5,16,11,0.3125,0.454545,2020Q4,2020-10-01,2020-12-31
0,Industrials,2,16,7,0.125,0.285714,2020Q4,2020-10-01,2020-12-31
0,Real Estate,2,16,5,0.125,0.4,2020Q4,2020-10-01,2020-12-31
1,Consumer Cyclical,4,11,7,0.363636,0.571429,2020Q4,2020-10-01,2020-12-31
1,Energy,1,11,6,0.090909,0.166667,2020Q4,2020-10-01,2020-12-31
1,Financial Services,2,11,11,0.181818,0.181818,2020Q4,2020-10-01,2020-12-31
1,Industrials,1,11,7,0.090909,0.142857,2020Q4,2020-10-01,2020-12-31
1,Utilities,3,11,12,0.272727,0.25,2020Q4,2020-10-01,2020-12-31
2,Communication Services,1,1,2,1.0,0.5,2020Q4,2020-10-01,2020-12-31
3,Energy,1,1,6,1.0,0.166667,2020Q4,2020-10-01,2020-12-31
4,Consumer Defensive,2,2,6,1.0,0.333333,2020Q4,2020-10-01,2020-12-31
5,Basic Materials,5,6,8,0.833333,0.625,2020Q4,2020-10-01,2020-12-31
5,Financial Services,1,6,11,0.166667,0.090909,2020Q4,2020-10-01,2020-12-31
6,Energy,1,1,6,1.0,0.166667,2020Q4,2020-10-01,2020-12-31
7,Basic Materials,1,1,8,1.0,0.125,2020Q4,2020-10-01,2020-12-31
8,Consumer Defensive,1,1,6,1.0,0.166667,2020Q4,2020-10-01,2020-12-31
9,Real Estate,1,1,5,1.0,0.2,2020Q4,2020-10-01,2020-12-31
10,Utilities,1,1,12,1.0,0.083333,2020Q4,2020-10-01,2020-12-31
11,Consumer Cyclical,1,7,7,0.142857,0.142857,2020Q4,2020-10-01,2020-12-31
11,Financial Services,1,7,11,0.142857,0.090909,2020Q4,2020-10-01,2020-12-31
11,Healthcare,2,7,3,0.285714,0.666667,2020Q4,2020-10-01,2020-12-31
11,Industrials,2,7,7,0.285714,0.285714,2020Q4,2020-10-01,2020-12-31
11,Technology,1,7,1,0.142857,1.0,2020Q4,2020-10-01,2020-12-31
12,Consumer Cyclical,1,17,7,0.058824,0.142857,2020Q4,2020-10-01,2020-12-31
12,Energy,1,17,6,0.058824,0.166667,2020Q4,2020-10-01,2020-12-31
12,Financial Services,2,17,11,0.117647,0.181818,2020Q4,2020-10-01,2020-12-31
12,Healthcare,1,17,3,0.058824,0.333333,2020Q4,2020-10-01,2020-12-31
12,Industrials,2,17,7,0.117647,0.285714,2020Q4,2020-10-01,2020-12-31
12,Real Estate,2,17,5,0.117647,0.4,2020Q4,2020-10-01,2020-12-31
12,Utilities,8,17,12,0.470588,0.666667,2020Q4,2020-10-01,2020-12-31
13,Basic Materials,2,2,8,1.0,0.25,2020Q4,2020-10-01,2020-12-31
0,Consumer Defensive,1,1,6,1.0,0.166667,2021Q1,2021-01-01,2021-03-31
1,Consumer Cyclical,6,23,7,0.26087,0.857143,2021Q1,2021-01-01,2021-03-31
1,Consumer Defensive,2,23,6,0.086957,0.333333,2021Q1,2021-01-01,2021-03-31
1,Financial Services,4,23,11,0.173913,0.363636,2021Q1,2021-01-01,2021-03-31
1,Healthcare,2,23,4,0.086957,0.5,2021Q1,2021-01-01,2021-03-31
1,Industrials,2,23,8,0.086957,0.25,2021Q1,2021-01-01,2021-03-31
1,Real Estate,5,23,5,0.217391,1.0,2021Q1,2021-01-01,2021-03-31
1,Technology,1,23,1,0.043478,1.0,2021Q1,2021-01-01,2021-03-31
1,Utilities,1,23,12,0.043478,0.083333,2021Q1,2021-01-01,2021-03-31
2,Communication Services,2,17,2,0.117647,1.0,2021Q1,2021-01-01,2021-03-31
2,Consumer Defensive,2,17,6,0.117647,0.333333,2021Q1,2021-01-01,2021-03-31
2,Healthcare,2,17,4,0.117647,0.5,2021Q1,2021-01-01,2021-03-31
2,Industrials,1,17,8,0.058824,0.125,2021Q1,2021-01-01,2021-03-31
2,Utilities,10,17,12,0.588235,0.833333,2021Q1,2021-01-01,2021-03-31
3,Basic Materials,5,6,8,0.833333,0.625,2021Q1,2021-01-01,2021-03-31
3,Financial Services,1,6,11,0.166667,0.090909,2021Q1,2021-01-01,2021-03-31
4,Consumer Cyclical,1,17,7,0.058824,0.142857,2021Q1,2021-01-01,2021-03-31
4,Consumer Defensive,1,17,6,0.058824,0.166667,2021Q1,2021-01-01,2021-03-31
4,Energy,5,17,6,0.294118,0.833333,2021Q1,2021-01-01,2021-03-31
4,Financial Services,5,17,11,0.294118,0.454545,2021Q1,2021-01-01,2021-03-31
4,Industrials,4,17,8,0.235294,0.5,2021Q1,2021-01-01,2021-03-31
4,Utilities,1,17,12,0.058824,0.083333,2021Q1,2021-01-01,2021-03-31
5,Basic Materials,1,1,8,1.0,0.125,2021Q1,2021-01-01,2021-03-31
6,Industrials,1,1,8,1.0,0.125,2021Q1,2021-01-01,2021-03-31
7,Financial Services,1,1,11,1.0,0.090909,2021Q1,2021-01-01,2021-03-31
8,Basic Materials,2,2,8,1.0,0.25,2021Q1,2021-01-01,2021-03-31
9,Energy,1,1,6,1.0,0.166667,2021Q1,2021-01-01,2021-03-31
0,Communication Services,2,14,2,0.142857,1.0,2021Q2,2021-04-01,2021-06-30
0,Consumer Defensive,1,14,7,0.071429,0.142857,2021Q2,2021-04-01,2021-06-30
0,Financial Services,1,14,12,0.071429,0.083333,2021Q2,2021-04-01,2021-06-30
0,Healthcare,1,14,4,0.071429,0.25,2021Q2,2021-04-01,2021-06-30
0,Industrials,2,14,8,0.142857,0.25,2021Q2,2021-04-01,2021-06-30
0,Utilities,7,14,12,0.5,0.583333,2021Q2,2021-04-01,2021-06-30
1,Consumer Cyclical,1,1,7,1.0,0.142857,2021Q2,2021-04-01,2021-06-30
2,Consumer Defensive,1,1,7,1.0,0.142857,2021Q2,2021-04-01,2021-06-30
3,Consumer Cyclical,1,1,7,1.0,0.142857,2021Q2,2021-04-01,2021-06-30
4,Financial Services,2,3,12,0.666667,0.166667,2021Q2,2021-04-01,2021-06-30
4,Utilities,1,3,12,0.333333,0.083333,2021Q2,2021-04-01,2021-06-30
5,Energy,2,10,7,0.2,0.285714,2021Q2,2021-04-01,2021-06-30
5,Financial Services,6,10,12,0.6,0.5,2021Q2,2021-04-01,2021-06-30
5,Industrials,1,10,8,0.1,0.125,2021Q2,2021-04-01,2021-06-30
5,Utilities,1,10,12,0.1,0.083333,2021Q2,2021-04-01,2021-06-30
6,Consumer Defensive,1,1,7,1.0,0.142857,2021Q2,2021-04-01,2021-06-30
7,Basic Materials,6,7,9,0.857143,0.666667,2021Q2,2021-04-01,2021-06-30
7,Financial Services,1,7,12,0.142857,0.083333,2021Q2,2021-04-01,2021-06-30
8,Energy,1,1,7,1.0,0.142857,2021Q2,2021-04-01,2021-06-30
9,Basic Materials,1,1,9,1.0,0.111111,2021Q2,2021-04-01,2021-06-30
10,Consumer Cyclical,3,9,7,0.333333,0.428571,2021Q2,2021-04-01,2021-06-30
10,Consumer Defensive,2,9,7,0.222222,0.285714,2021Q2,2021-04-01,2021-06-30
10,Real Estate,4,9,5,0.444444,0.8,2021Q2,2021-04-01,2021-06-30
11,Utilities,1,1,12,1.0,0.083333,2021Q2,2021-04-01,2021-06-30
12,Energy,1,1,7,1.0,0.142857,2021Q2,2021-04-01,2021-06-30
13,Utilities,1,1,12,1.0,0.083333,2021Q2,2021-04-01,2021-06-30
14,Real Estate,1,1,5,1.0,0.2,2021Q2,2021-04-01,2021-06-30
15,Industrials,1,1,8,1.0,0.125,2021Q2,2021-04-01,2021-06-30
16,Healthcare,1,1,4,1.0,0.25,2021Q2,2021-04-01,2021-06-30
17,Financial Services,1,2,12,0.5,0.083333,2021Q2,2021-04-01,2021-06-30
17,Technology,1,2,1,0.5,1.0,2021Q2,2021-04-01,2021-06-30
18,Basic Materials,2,2,9,1.0,0.222222,2021Q2,2021-04-01,2021-06-30
19,Consumer Defensive,1,1,7,1.0,0.142857,2021Q2,2021-04-01,2021-06-30
20,Consumer Cyclical,1,2,7,0.5,0.142857,2021Q2,2021-04-01,2021-06-30
20,Industrials,1,2,8,0.5,0.125,2021Q2,2021-04-01,2021-06-30
21,Industrials,1,1,8,1.0,0.125,2021Q2,2021-04-01,2021-06-30
22,Energy,1,1,7,1.0,0.142857,2021Q2,2021-04-01,2021-06-30
23,Financial Services,1,1,12,1.0,0.083333,2021Q2,2021-04-01,2021-06-30
24,Healthcare,1,2,4,0.5,0.25,2021Q2,2021-04-01,2021-06-30
24,Industrials,1,2,8,0.5,0.125,2021Q2,2021-04-01,2021-06-30
25,Healthcare,1,1,4,1.0,0.25,2021Q2,2021-04-01,2021-06-30
26,Energy,1,1,7,1.0,0.142857,2021Q2,2021-04-01,2021-06-30
27,Utilities,1,1,12,1.0,0.083333,2021Q2,2021-04-01,2021-06-30
28,Consumer Defensive,1,1,7,1.0,0.142857,2021Q2,2021-04-01,2021-06-30
29,Energy,1,1,7,1.0,0.142857,2021Q2,2021-04-01,2021-06-30
30,Industrials,1,1,8,1.0,0.125,2021Q2,2021-04-01,2021-06-30
31,Consumer Cyclical,1,1,7,1.0,0.142857,2021Q2,2021-04-01,2021-06-30
0,Communication Services,1,15,2,0.066667,0.5,2021Q3,2021-07-01,2021-09-30
0,Consumer Cyclical,1,15,8,0.066667,0.125,2021Q3,2021-07-01,2021-09-30
0,Consumer Defensive,1,15,7,0.066667,0.142857,2021Q3,2021-07-01,2021-09-30
0,Energy,3,15,7,0.2,0.428571,2021Q3,2021-07-01,2021-09-30
0,Financial Services,6,15,12,0.4,0.5,2021Q3,2021-07-01,2021-09-30
0,Industrials,2,15,8,0.133333,0.25,2021Q3,2021-07-01,2021-09-30
0,Utilities,1,15,12,0.066667,0.083333,2021Q3,2021-07-01,2021-09-30
1,Consumer Cyclical,7,24,8,0.291667,0.875,2021Q3,2021-07-01,2021-09-30
1,Consumer Defensive,2,24,7,0.083333,0.285714,2021Q3,2021-07-01,2021-09-30
1,Energy,1,24,7,0.041667,0.142857,2021Q3,2021-07-01,2021-09-30
1,Financial Services,2,24,12,0.083333,0.166667,2021Q3,2021-07-01,2021-09-30
1,Industrials,4,24,8,0.166667,0.5,2021Q3,2021-07-01,2021-09-30
1,Real Estate,5,24,5,0.208333,1.0,2021Q3,2021-07-01,2021-09-30
1,Technology,1,24,1,0.041667,1.0,2021Q3,2021-07-01,2021-09-30
1,Utilities,2,24,12,0.083333,0.166667,2021Q3,2021-07-01,2021-09-30
2,Consumer Defensive,1,1,7,1.0,0.142857,2021Q3,2021-07-01,2021-09-30
3,Consumer Defensive,1,1,7,1.0,0.142857,2021Q3,2021-07-01,2021-09-30
4,Basic Materials,8,14,9,0.571429,0.888889,2021Q3,2021-07-01,2021-09-30
4,Energy,3,14,7,0.214286,0.428571,2021Q3,2021-07-01,2021-09-30
4,Financial Services,2,14,12,0.142857,0.166667,2021Q3,2021-07-01,2021-09-30
4,Industrials,1,14,8,0.071429,0.125,2021Q3,2021-07-01,2021-09-30
5,Basic Materials,1,11,9,0.090909,0.111111,2021Q3,2021-07-01,2021-09-30
5,Industrials,1,11,8,0.090909,0.125,2021Q3,2021-07-01,2021-09-30
5,Utilities,9,11,12,0.818182,0.75,2021Q3,2021-07-01,2021-09-30
6,Communication Services,1,7,2,0.142857,0.5,2021Q3,2021-07-01,2021-09-30
6,Financial Services,2,7,12,0.285714,0.166667,2021Q3,2021-07-01,2021-09-30
6,Healthcare,4,7,4,0.571429,1.0,2021Q3,2021-07-01,2021-09-30
7,Consumer Defensive,2,2,7,1.0,0.285714,2021Q3,2021-07-01,2021-09-30
0,Consumer Defensive,1,1,7,1.0,0.142857,2021Q4,2021-10-01,2021-12-31
1,Communication Services,2,34,2,0.058824,1.0,2021Q4,2021-10-01,2021-12-31
1,Consumer Cyclical,8,34,8,0.235294,1.0,2021Q4,2021-10-01,2021-12-31
1,Consumer Defensive,3,34,7,0.088235,0.428571,2021Q4,2021-10-01,2021-12-31
1,Energy,1,34,7,0.029412,0.142857,2021Q4,2021-10-01,2021-12-31
1,Financial Services,4,34,12,0.117647,0.333333,2021Q4,2021-10-01,2021-12-31
1,Healthcare,4,34,4,0.117647,1.0,2021Q4,2021-10-01,2021-12-31
1,Industrials,5,34,8,0.147059,0.625,2021Q4,2021-10-01,2021-12-31
1,Real Estate,5,34,5,0.147059,1.0,2021Q4,2021-10-01,2021-12-31
1,Technology,1,34,1,0.029412,1.0,2021Q4,2021-10-01,2021-12-31
1,Utilities,1,34,12,0.029412,0.083333,2021Q4,2021-10-01,2021-12-31
2,Energy,1,12,7,0.083333,0.142857,2021Q4,2021-10-01,2021-12-31
2,Utilities,11,12,12,0.916667,0.916667,2021Q4,2021-10-01,2021-12-31
3,Basic Materials,7,18,9,0.388889,0.777778,2021Q4,2021-10-01,2021-12-31
3,Energy,2,18,7,0.111111,0.285714,2021Q4,2021-10-01,2021-12-31
3,Financial Services,8,18,12,0.444444,0.666667,2021Q4,2021-10-01,2021-12-31
3,Industrials,1,18,8,0.055556,0.125,2021Q4,2021-10-01,2021-12-31
4,Consumer Defensive,1,1,7,1.0,0.142857,2021Q4,2021-10-01,2021-12-31
5,Basic Materials,2,2,9,1.0,0.222222,2021Q4,2021-10-01,2021-12-31
6,Consumer Defensive,1,6,7,0.166667,0.142857,2021Q4,2021-10-01,2021-12-31
6,Energy,3,6,7,0.5,0.428571,2021Q4,2021-10-01,2021-12-31
6,Industrials,2,6,8,0.333333,0.25,2021Q4,2021-10-01,2021-12-31
7,Consumer Defensive,1,1,7,1.0,0.142857,2021Q4,2021-10-01,2021-12-31
0,Basic Materials,2,2,9,1.0,0.222222,2022Q1,2022-01-01,2022-03-31
1,Consumer Cyclical,4,24,8,0.166667,0.5,2022Q1,2022-01-01,2022-03-31
1,Consumer Defensive,2,24,7,0.083333,0.285714,2022Q1,2022-01-01,2022-03-31
1,Financial Services,4,24,12,0.166667,0.333333,2022Q1,2022-01-01,2022-03-31
1,Healthcare,4,24,4,0.166667,1.0,2022Q1,2022-01-01,2022-03-31
1,Industrials,4,24,8,0.166667,0.5,2022Q1,2022-01-01,2022-03-31
1,Real Estate,5,24,6,0.208333,0.833333,2022Q1,2022-01-01,2022-03-31
1,Technology,1,24,1,0.041667,1.0,2022Q1,2022-01-01,2022-03-31
2,Consumer Cyclical,4,22,8,0.181818,0.5,2022Q1,2022-01-01,2022-03-31
2,Consumer Defensive,2,22,7,0.090909,0.285714,2022Q1,2022-01-01,2022-03-31
2,Energy,2,22,7,0.090909,0.285714,2022Q1,2022-01-01,2022-03-31
2,Financial Services,1,22,12,0.045455,0.083333,2022Q1,2022-01-01,2022-03-31
2,Industrials,3,22,8,0.136364,0.375,2022Q1,2022-01-01,2022-03-31
2,Real Estate,1,22,6,0.045455,0.166667,2022Q1,2022-01-01,2022-03-31
2,Utilities,9,22,12,0.409091,0.75,2022Q1,2022-01-01,2022-03-31
3,Consumer Defensive,1,1,7,1.0,0.142857,2022Q1,2022-01-01,2022-03-31
4,Energy,2,2,7,1.0,0.285714,2022Q1,2022-01-01,2022-03-31
5,Financial Services,5,6,12,0.833333,0.416667,2022Q1,2022-01-01,2022-03-31
5,Industrials,1,6,8,0.166667,0.125,2022Q1,2022-01-01,2022-03-31
6,Financial Services,1,1,12,1.0,0.083333,2022Q1,2022-01-01,2022-03-31
7,Consumer Defensive,1,1,7,1.0,0.142857,2022Q1,2022-01-01,2022-03-31
8,Basic Materials,6,8,9,0.75,0.666667,2022Q1,2022-01-01,2022-03-31
8,Consumer Defensive,1,8,7,0.125,0.142857,2022Q1,2022-01-01,2022-03-31
8,Financial Services,1,8,12,0.125,0.083333,2022Q1,2022-01-01,2022-03-31
9,Energy,3,3,7,1.0,0.428571,2022Q1,2022-01-01,2022-03-31
10,Basic Materials,1,1,9,1.0,0.111111,2022Q1,2022-01-01,2022-03-31
11,Communication Services,2,3,2,0.666667,1.0,2022Q1,2022-01-01,2022-03-31
11,Utilities,1,3,12,0.333333,0.083333,2022Q1,2022-01-01,2022-03-31
12,Utilities,2,2,12,1.0,0.166667,2022Q1,2022-01-01,2022-03-31
0,Consumer Defensive,1,1,7,1.0,0.142857,2022Q2,2022-04-01,2022-06-30
1,Consumer Cyclical,7,23,8,0.304348,0.875,2022Q2,2022-04-01,2022-06-30
1,Consumer Defensive,3,23,7,0.130435,0.428571,2022Q2,2022-04-01,2022-06-30
1,Financial Services,1,23,12,0.043478,0.083333,2022Q2,2022-04-01,2022-06-30
1,Industrials,4,23,8,0.173913,0.5,2022Q2,2022-04-01,2022-06-30
1,Real Estate,6,23,6,0.26087,1.0,2022Q2,2022-04-01,2022-06-30
1,Technology,1,23,1,0.043478,1.0,2022Q2,2022-04-01,2022-06-30
1,Utilities,1,23,13,0.043478,0.076923,2022Q2,2022-04-01,2022-06-30
2,Consumer Defensive,1,1,7,1.0,0.142857,2022Q2,2022-04-01,2022-06-30
3,Financial Services,1,1,12,1.0,0.083333,2022Q2,2022-04-01,2022-06-30
4,Communication Services,2,12,2,0.166667,1.0,2022Q2,2022-04-01,2022-06-30
4,Consumer Cyclical,1,12,8,0.083333,0.125,2022Q2,2022-04-01,2022-06-30
4,Energy,2,12,7,0.166667,0.285714,2022Q2,2022-04-01,2022-06-30
4,Financial Services,1,12,12,0.083333,0.083333,2022Q2,2022-04-01,2022-06-30
4,Healthcare,3,12,4,0.25,0.75,2022Q2,2022-04-01,2022-06-30
4,Industrials,2,12,8,0.166667,0.25,2022Q2,2022-04-01,2022-06-30
4,Utilities,1,12,13,0.083333,0.076923,2022Q2,2022-04-01,2022-06-30
5,Consumer Defensive,1,1,7,1.0,0.142857,2022Q2,2022-04-01,2022-06-30
6,Financial Services,6,16,12,0.375,0.5,2022Q2,2022-04-01,2022-06-30
6,Industrials,1,16,8,0.0625,0.125,2022Q2,2022-04-01,2022-06-30
6,Utilities,9,16,13,0.5625,0.692308,2022Q2,2022-04-01,2022-06-30
7,Consumer Defensive,1,1,7,1.0,0.142857,2022Q2,2022-04-01,2022-06-30
8,Basic Materials,9,15,9,0.6,1.0,2022Q2,2022-04-01,2022-06-30
8,Energy,5,15,7,0.333333,0.714286,2022Q2,2022-04-01,2022-06-30
8,Financial Services,1,15,12,0.066667,0.083333,2022Q2,2022-04-01,2022-06-30
9,Utilities,1,1,13,1.0,0.076923,2022Q2,2022-04-01,2022-06-30
10,Financial Services,1,1,12,1.0,0.083333,2022Q2,2022-04-01,2022-06-30
11,Industrials,1,1,8,1.0,0.125,2022Q2,2022-04-01,2022-06-30
12,Financial Services,1,1,12,1.0,0.083333,2022Q2,2022-04-01,2022-06-30
13,Healthcare,1,1,4,1.0,0.25,2022Q2,2022-04-01,2022-06-30
14,Utilities,1,1,13,1.0,0.076923,2022Q2,2022-04-01,2022-06-30
0,Consumer Defensive,1,1,7,1.0,0.142857,2022Q3,2022-07-01,2022-09-30
1,Consumer Cyclical,2,14,8,0.142857,0.25,2022Q3,2022-07-01,2022-09-30
1,Consumer Defensive,3,14,7,0.214286,0.428571,2022Q3,2022-07-01,2022-09-30
1,Industrials,1,14,8,0.071429,0.125,2022Q3,2022-07-01,2022-09-30
1,Real Estate,6,14,6,0.428571,1.0,2022Q3,2022-07-01,2022-09-30
1,Utilities,2,14,13,0.142857,0.153846,2022Q3,2022-07-01,2022-09-30
2,Consumer Cyclical,6,18,8,0.333333,0.75,2022Q3,2022-07-01,2022-09-30
2,Energy,2,18,7,0.111111,0.285714,2022Q3,2022-07-01,2022-09-30
2,Financial Services,2,18,12,0.111111,0.166667,2022Q3,2022-07-01,2022-09-30
2,Healthcare,1,18,4,0.055556,0.25,2022Q3,2022-07-01,2022-09-30
2,Industrials,4,18,8,0.222222,0.5,2022Q3,2022-07-01,2022-09-30
2,Technology,1,18,1,0.055556,1.0,2022Q3,2022-07-01,2022-09-30
2,Utilities,2,18,13,0.111111,0.153846,2022Q3,2022-07-01,2022-09-30
3,Utilities,8,8,13,1.0,0.615385,2022Q3,2022-07-01,2022-09-30
4,Communication Services,2,2,2,1.0,1.0,2022Q3,2022-07-01,2022-09-30
5,Financial Services,1,1,12,1.0,0.083333,2022Q3,2022-07-01,2022-09-30
6,Consumer Defensive,2,2,7,1.0,0.285714,2022Q3,2022-07-01,2022-09-30
7,Basic Materials,9,18,9,0.5,1.0,2022Q3,2022-07-01,2022-09-30
7,Financial Services,7,18,12,0.388889,0.583333,2022Q3,2022-07-01,2022-09-30
7,Industrials,2,18,8,0.111111,0.25,2022Q3,2022-07-01,2022-09-30
8,Consumer Defensive,1,6,7,0.166667,0.142857,2022Q3,2022-07-01,2022-09-30
8,Energy,5,6,7,0.833333,0.714286,2022Q3,2022-07-01,2022-09-30
9,Utilities,1,1,13,1.0,0.076923,2022Q3,2022-07-01,2022-09-30
10,Financial Services,1,1,12,1.0,0.083333,2022Q3,2022-07-01,2022-09-30
11,Healthcare,1,1,4,1.0,0.25,2022Q3,2022-07-01,2022-09-30
12,Healthcare,1,1,4,1.0,0.25,2022Q3,2022-07-01,2022-09-30
13,Industrials,1,1,8,1.0,0.125,2022Q3,2022-07-01,2022-09-30
14,Financial Services,1,1,12,1.0,0.083333,2022Q3,2022-07-01,2022-09-30
15,Healthcare,1,1,4,1.0,0.25,2022Q3,2022-07-01,2022-09-30
0,Industrials,1,1,8,1.0,0.125,2022Q4,2022-10-01,2022-12-31
1,Consumer Cyclical,7,28,8,0.25,0.875,2022Q4,2022-10-01,2022-12-31
1,Consumer Defensive,3,28,7,0.107143,0.428571,2022Q4,2022-10-01,2022-12-31
1,Financial Services,3,28,12,0.107143,0.25,2022Q4,2022-10-01,2022-12-31
1,Healthcare,3,28,4,0.107143,0.75,2022Q4,2022-10-01,2022-12-31
1,Industrials,4,28,8,0.142857,0.5,2022Q4,2022-10-01,2022-12-31
1,Real Estate,6,28,6,0.214286,1.0,2022Q4,2022-10-01,2022-12-31
1,Technology,1,28,1,0.035714,1.0,2022Q4,2022-10-01,2022-12-31
1,Utilities,1,28,13,0.035714,0.076923,2022Q4,2022-10-01,2022-12-31
2,Consumer Cyclical,1,9,8,0.111111,0.125,2022Q4,2022-10-01,2022-12-31
2,Energy,2,9,7,0.222222,0.285714,2022Q4,2022-10-01,2022-12-31
2,Financial Services,5,9,12,0.555556,0.416667,2022Q4,2022-10-01,2022-12-31
2,Industrials,1,9,8,0.111111,0.125,2022Q4,2022-10-01,2022-12-31
3,Basic Materials,2,2,9,1.0,0.222222,2022Q4,2022-10-01,2022-12-31
4,Basic Materials,6,7,9,0.857143,0.666667,2022Q4,2022-10-01,2022-12-31
4,Financial Services,1,7,12,0.142857,0.083333,2022Q4,2022-10-01,2022-12-31
5,Energy,3,3,7,1.0,0.428571,2022Q4,2022-10-01,2022-12-31
6,Basic Materials,1,1,9,1.0,0.111111,2022Q4,2022-10-01,2022-12-31
7,Communication Services,2,26,2,0.076923,1.0,2022Q4,2022-10-01,2022-12-31
7,Consumer Defensive,4,26,7,0.153846,0.571429,2022Q4,2022-10-01,2022-12-31
7,Energy,2,26,7,0.076923,0.285714,2022Q4,2022-10-01,2022-12-31
7,Financial Services,3,26,12,0.115385,0.25,2022Q4,2022-10-01,2022-12-31
7,Healthcare,1,26,4,0.038462,0.25,2022Q4,2022-10-01,2022-12-31
7,Industrials,2,26,8,0.076923,0.25,2022Q4,2022-10-01,2022-12-31
7,Utilities,12,26,13,0.461538,0.923077,2022Q4,2022-10-01,2022-12-31
0,Basic Materials,1,13,9,0.076923,0.111111,2023Q1,2023-01-01,2023-03-31
0,Consumer Cyclical,2,13,8,0.153846,0.25,2023Q1,2023-01-01,2023-03-31
0,Consumer Defensive,2,13,7,0.153846,0.285714,2023Q1,2023-01-01,2023-03-31
0,Energy,2,13,7,0.153846,0.285714,2023Q1,2023-01-01,2023-03-31
0,Financial Services,5,13,12,0.384615,0.416667,2023Q1,2023-01-01,2023-03-31
0,Industrials,1,13,8,0.076923,0.125,2023Q1,2023-01-01,2023-03-31
1,Consumer Cyclical,4,22,8,0.181818,0.5,2023Q1,2023-01-01,2023-03-31
1,Consumer Defensive,2,22,7,0.090909,0.285714,2023Q1,2023-01-01,2023-03-31
1,Financial Services,3,22,12,0.136364,0.25,2023Q1,2023-01-01,2023-03-31
1,Healthcare,3,22,4,0.136364,0.75,2023Q1,2023-01-01,2023-03-31
1,Industrials,4,22,8,0.181818,0.5,2023Q1,2023-01-01,2023-03-31
1,Real Estate,5,22,6,0.227273,0.833333,2023Q1,2023-01-01,2023-03-31
1,Utilities,1,22,13,0.045455,0.076923,2023Q1,2023-01-01,2023-03-31
2,Utilities,1,1,13,1.0,0.076923,2023Q1,2023-01-01,2023-03-31
3,Communication Services,1,14,2,0.071429,0.5,2023Q1,2023-01-01,2023-03-31
3,Industrials,1,14,8,0.071429,0.125,2023Q1,2023-01-01,2023-03-31
3,Real Estate,1,14,6,0.071429,0.166667,2023Q1,2023-01-01,2023-03-31
3,Utilities,11,14,13,0.785714,0.846154,2023Q1,2023-01-01,2023-03-31
4,Energy,5,8,7,0.625,0.714286,2023Q1,2023-01-01,2023-03-31
4,Financial Services,1,8,12,0.125,0.083333,2023Q1,2023-01-01,2023-03-31
4,Healthcare,1,8,4,0.125,0.25,2023Q1,2023-01-01,2023-03-31
4,Technology,1,8,1,0.125,1.0,2023Q1,2023-01-01,2023-03-31
5,Communication Services,1,1,2,1.0,0.5,2023Q1,2023-01-01,2023-03-31
6,Consumer Defensive,1,1,7,1.0,0.142857,2023Q1,2023-01-01,2023-03-31
7,Basic Materials,6,7,9,0.857143,0.666667,2023Q1,2023-01-01,2023-03-31
7,Financial Services,1,7,12,0.142857,0.083333,2023Q1,2023-01-01,2023-03-31
8,Consumer Cyclical,1,1,8,1.0,0.125,2023Q1,2023-01-01,2023-03-31
9,Financial Services,1,1,12,1.0,0.083333,2023Q1,2023-01-01,2023-03-31
10,Industrials,1,1,8,1.0,0.125,2023Q1,2023-01-01,2023-03-31
11,Financial Services,1,1,12,1.0,0.083333,2023Q1,2023-01-01,2023-03-31
12,Basic Materials,2,2,9,1.0,0.222222,2023Q1,2023-01-01,2023-03-31
13,Consumer Defensive,1,1,7,1.0,0.142857,2023Q1,2023-01-01,2023-03-31
14,Consumer Cyclical,1,1,8,1.0,0.125,2023Q1,2023-01-01,2023-03-31
15,Industrials,1,1,8,1.0,0.125,2023Q1,2023-01-01,2023-03-31
16,Consumer Defensive,1,1,7,1.0,0.142857,2023Q1,2023-01-01,2023-03-31
0,Consumer Defensive,1,1,7,1.0,0.142857,2023Q2,2023-04-01,2023-06-30
1,Consumer Cyclical,7,21,8,0.333333,0.875,2023Q2,2023-04-01,2023-06-30
1,Consumer Defensive,2,21,7,0.095238,0.285714,2023Q2,2023-04-01,2023-06-30
1,Financial Services,1,21,12,0.047619,0.083333,2023Q2,2023-04-01,2023-06-30
1,Healthcare,4,21,4,0.190476,1.0,2023Q2,2023-04-01,2023-06-30
1,Real Estate,5,21,6,0.238095,0.833333,2023Q2,2023-04-01,2023-06-30
1,Technology,1,21,1,0.047619,1.0,2023Q2,2023-04-01,2023-06-30
1,Utilities,1,21,13,0.047619,0.076923,2023Q2,2023-04-01,2023-06-30
2,Consumer Defensive,1,1,7,1.0,0.142857,2023Q2,2023-04-01,2023-06-30
3,Basic Materials,1,16,9,0.0625,0.111111,2023Q2,2023-04-01,2023-06-30
3,Consumer Cyclical,1,16,8,0.0625,0.125,2023Q2,2023-04-01,2023-06-30
3,Energy,4,16,7,0.25,0.571429,2023Q2,2023-04-01,2023-06-30
3,Financial Services,6,16,12,0.375,0.5,2023Q2,2023-04-01,2023-06-30
3,Industrials,4,16,8,0.25,0.5,2023Q2,2023-04-01,2023-06-30
4,Financial Services,1,1,12,1.0,0.083333,2023Q2,2023-04-01,2023-06-30
5,Consumer Defensive,2,2,7,1.0,0.285714,2023Q2,2023-04-01,2023-06-30
6,Basic Materials,8,9,9,0.888889,0.888889,2023Q2,2023-04-01,2023-06-30
6,Financial Services,1,9,12,0.111111,0.083333,2023Q2,2023-04-01,2023-06-30
7,Energy,1,1,7,1.0,0.142857,2023Q2,2023-04-01,2023-06-30
8,Communication Services,2,17,2,0.117647,1.0,2023Q2,2023-04-01,2023-06-30
8,Consumer Defensive,1,17,7,0.058824,0.142857,2023Q2,2023-04-01,2023-06-30
8,Financial Services,1,17,12,0.058824,0.083333,2023Q2,2023-04-01,2023-06-30
8,Real Estate,1,17,6,0.058824,0.166667,2023Q2,2023-04-01,2023-06-30
8,Utilities,12,17,13,0.705882,0.923077,2023Q2,2023-04-01,2023-06-30
9,Financial Services,1,1,12,1.0,0.083333,2023Q2,2023-04-01,2023-06-30
10,Industrials,1,1,8,1.0,0.125,2023Q2,2023-04-01,2023-06-30
11,Industrials,1,1,8,1.0,0.125,2023Q2,2023-04-01,2023-06-30
12,Industrials,1,1,8,1.0,0.125,2023Q2,2023-04-01,2023-06-30
13,Energy,2,2,7,1.0,0.285714,2023Q2,2023-04-01,2023-06-30
14,Industrials,1,1,8,1.0,0.125,2023Q2,2023-04-01,2023-06-30
15,Financial Services,1,1,12,1.0,0.083333,2023Q2,2023-04-01,2023-06-30
0,Consumer Defensive,1,17,7,0.058824,0.142857,2023Q3,2023-07-01,2023-09-30
0,Financial Services,9,17,12,0.529412,0.75,2023Q3,2023-07-01,2023-09-30
0,Healthcare,3,17,4,0.176471,0.75,2023Q3,2023-07-01,2023-09-30
0,Industrials,2,17,8,0.117647,0.25,2023Q3,2023-07-01,2023-09-30
0,Utilities,2,17,13,0.117647,0.153846,2023Q3,2023-07-01,2023-09-30
1,Consumer Cyclical,7,19,8,0.368421,0.875,2023Q3,2023-07-01,2023-09-30
1,Consumer Defensive,2,19,7,0.105263,0.285714,2023Q3,2023-07-01,2023-09-30
1,Financial Services,1,19,12,0.052632,0.083333,2023Q3,2023-07-01,2023-09-30
1,Industrials,3,19,8,0.157895,0.375,2023Q3,2023-07-01,2023-09-30
1,Real Estate,6,19,6,0.315789,1.0,2023Q3,2023-07-01,2023-09-30
2,Consumer Defensive,1,1,7,1.0,0.142857,2023Q3,2023-07-01,2023-09-30
3,Financial Services,1,10,12,0.1,0.083333,2023Q3,2023-07-01,2023-09-30
3,Utilities,9,10,13,0.9,0.692308,2023Q3,2023-07-01,2023-09-30
4,Consumer Defensive,1,1,7,1.0,0.142857,2023Q3,2023-07-01,2023-09-30
5,Basic Materials,8,13,9,0.615385,0.888889,2023Q3,2023-07-01,2023-09-30
5,Consumer Cyclical,1,13,8,0.076923,0.125,2023Q3,2023-07-01,2023-09-30
5,Energy,2,13,7,0.153846,0.285714,2023Q3,2023-07-01,2023-09-30
5,Financial Services,1,13,12,0.076923,0.083333,2023Q3,2023-07-01,2023-09-30
5,Technology,1,13,1,0.076923,1.0,2023Q3,2023-07-01,2023-09-30
6,Energy,3,3,7,1.0,0.428571,2023Q3,2023-07-01,2023-09-30
7,Basic Materials,1,1,9,1.0,0.111111,2023Q3,2023-07-01,2023-09-30
8,Communication Services,2,2,2,1.0,1.0,2023Q3,2023-07-01,2023-09-30
9,Utilities,1,1,13,1.0,0.076923,2023Q3,2023-07-01,2023-09-30
10,Industrials,1,1,8,1.0,0.125,2023Q3,2023-07-01,2023-09-30
11,Industrials,1,1,8,1.0,0.125,2023Q3,2023-07-01,2023-09-30
12,Consumer Defensive,1,1,7,1.0,0.142857,2023Q3,2023-07-01,2023-09-30
13,Energy,2,2,7,1.0,0.285714,2023Q3,2023-07-01,2023-09-30
14,Industrials,1,1,8,1.0,0.125,2023Q3,2023-07-01,2023-09-30
15,Healthcare,1,1,4,1.0,0.25,2023Q3,2023-07-01,2023-09-30
16,Utilities,1,1,13,1.0,0.076923,2023Q3,2023-07-01,2023-09-30
17,Consumer Defensive,1,1,7,1.0,0.142857,2023Q3,2023-07-01,2023-09-30
0,Consumer Cyclical,1,20,8,0.05,0.125,2023Q4,2023-10-01,2023-12-31
0,Consumer Defensive,2,20,7,0.1,0.285714,2023Q4,2023-10-01,2023-12-31
0,Energy,2,20,7,0.1,0.285714,2023Q4,2023-10-01,2023-12-31
0,Financial Services,1,20,12,0.05,0.083333,2023Q4,2023-10-01,2023-12-31
0,Healthcare,1,20,4,0.05,0.25,2023Q4,2023-10-01,2023-12-31
0,Industrials,2,20,8,0.1,0.25,2023Q4,2023-10-01,2023-12-31
0,Real Estate,1,20,6,0.05,0.166667,2023Q4,2023-10-01,2023-12-31
0,Utilities,10,20,13,0.5,0.769231,2023Q4,2023-10-01,2023-12-31
1,Consumer Cyclical,7,22,8,0.318182,0.875,2023Q4,2023-10-01,2023-12-31
1,Consumer Defensive,3,22,7,0.136364,0.428571,2023Q4,2023-10-01,2023-12-31
1,Financial Services,1,22,12,0.045455,0.083333,2023Q4,2023-10-01,2023-12-31
1,Healthcare,3,22,4,0.136364,0.75,2023Q4,2023-10-01,2023-12-31
1,Industrials,2,22,8,0.090909,0.25,2023Q4,2023-10-01,2023-12-31
1,Real Estate,5,22,6,0.227273,0.833333,2023Q4,2023-10-01,2023-12-31
1,Technology,1,22,1,0.045455,1.0,2023Q4,2023-10-01,2023-12-31
2,Financial Services,6,9,12,0.666667,0.5,2023Q4,2023-10-01,2023-12-31
2,Industrials,3,9,8,0.333333,0.375,2023Q4,2023-10-01,2023-12-31
3,Financial Services,1,1,12,1.0,0.083333,2023Q4,2023-10-01,2023-12-31
4,Consumer Defensive,1,1,7,1.0,0.142857,2023Q4,2023-10-01,2023-12-31
5,Basic Materials,4,5,9,0.8,0.444444,2023Q4,2023-10-01,2023-12-31
5,Financial Services,1,5,12,0.2,0.083333,2023Q4,2023-10-01,2023-12-31
6,Energy,5,5,7,1.0,0.714286,2023Q4,2023-10-01,2023-12-31
7,Basic Materials,1,1,9,1.0,0.111111,2023Q4,2023-10-01,2023-12-31
8,Financial Services,1,1,12,1.0,0.083333,2023Q4,2023-10-01,2023-12-31
9,Communication Services,2,4,2,0.5,1.0,2023Q4,2023-10-01,2023-12-31
9,Utilities,2,4,13,0.5,0.153846,2023Q4,2023-10-01,2023-12-31
10,Financial Services,1,1,12,1.0,0.083333,2023Q4,2023-10-01,2023-12-31
11,Basic Materials,2,3,9,0.666667,0.222222,2023Q4,2023-10-01,2023-12-31
11,Industrials,1,3,8,0.333333,0.125,2023Q4,2023-10-01,2023-12-31
12,Utilities,1,1,13,1.0,0.076923,2023Q4,2023-10-01,2023-12-31
13,Basic Materials,2,2,9,1.0,0.222222,2023Q4,2023-10-01,2023-12-31
14,Consumer Defensive,1,1,7,1.0,0.142857,2023Q4,2023-10-01,2023-12-31
0,Consumer Defensive,1,1,7,1.0,0.142857,2024Q1,2024-01-01,2024-03-31
1,Consumer Cyclical,3,19,8,0.157895,0.375,2024Q1,2024-01-01,2024-03-31
1,Consumer Defensive,1,19,7,0.052632,0.142857,2024Q1,2024-01-01,2024-03-31
1,Financial Services,2,19,12,0.105263,0.166667,2024Q1,2024-01-01,2024-03-31
1,Healthcare,2,19,4,0.105263,0.5,2024Q1,2024-01-01,2024-03-31
1,Industrials,4,19,8,0.210526,0.5,2024Q1,2024-01-01,2024-03-31
1,Real Estate,6,19,6,0.315789,1.0,2024Q1,2024-01-01,2024-03-31
1,Utilities,1,19,13,0.052632,0.076923,2024Q1,2024-01-01,2024-03-31
2,Utilities,1,1,13,1.0,0.076923,2024Q1,2024-01-01,2024-03-31
3,Consumer Defensive,1,1,7,1.0,0.142857,2024Q1,2024-01-01,2024-03-31
4,Financial Services,1,1,12,1.0,0.083333,2024Q1,2024-01-01,2024-03-31
5,Consumer Defensive,2,2,7,1.0,0.285714,2024Q1,2024-01-01,2024-03-31
6,Communication Services,2,2,2,1.0,1.0,2024Q1,2024-01-01,2024-03-31
7,Energy,3,3,7,1.0,0.428571,2024Q1,2024-01-01,2024-03-31
8,Basic Materials,1,1,9,1.0,0.111111,2024Q1,2024-01-01,2024-03-31
9,Consumer Cyclical,3,5,8,0.6,0.375,2024Q1,2024-01-01,2024-03-31
9,Consumer Defensive,2,5,7,0.4,0.285714,2024Q1,2024-01-01,2024-03-31
10,Utilities,1,1,13,1.0,0.076923,2024Q1,2024-01-01,2024-03-31
11,Financial Services,1,12,12,0.083333,0.083333,2024Q1,2024-01-01,2024-03-31
11,Healthcare,1,12,4,0.083333,0.25,2024Q1,2024-01-01,2024-03-31
11,Technology,1,12,1,0.083333,1.0,2024Q1,2024-01-01,2024-03-31
11,Utilities,9,12,13,0.75,0.692308,2024Q1,2024-01-01,2024-03-31
12,Energy,2,9,7,0.222222,0.285714,2024Q1,2024-01-01,2024-03-31
12,Financial Services,5,9,12,0.555556,0.416667,2024Q1,2024-01-01,2024-03-31
12,Industrials,1,9,8,0.111111,0.125,2024Q1,2024-01-01,2024-03-31
12,Utilities,1,9,13,0.111111,0.076923,2024Q1,2024-01-01,2024-03-31
13,Consumer Cyclical,1,1,8,1.0,0.125,2024Q1,2024-01-01,2024-03-31
14,Consumer Cyclical,1,1,8,1.0,0.125,2024Q1,2024-01-01,2024-03-31
15,Basic Materials,6,7,9,0.857143,0.666667,2024Q1,2024-01-01,2024-03-31
15,Financial Services,1,7,12,0.142857,0.083333,2024Q1,2024-01-01,2024-03-31
16,Financial Services,1,1,12,1.0,0.083333,2024Q1,2024-01-01,2024-03-31
17,Industrials,1,1,8,1.0,0.125,2024Q1,2024-01-01,2024-03-31
18,Industrials,1,1,8,1.0,0.125,2024Q1,2024-01-01,2024-03-31
19,Basic Materials,2,2,9,1.0,0.222222,2024Q1,2024-01-01,2024-03-31
20,Energy,2,2,7,1.0,0.285714,2024Q1,2024-01-01,2024-03-31
21,Industrials,1,1,8,1.0,0.125,2024Q1,2024-01-01,2024-03-31
22,Financial Services,1,1,12,1.0,0.083333,2024Q1,2024-01-01,2024-03-31
23,Healthcare,1,1,4,1.0,0.25,2024Q1,2024-01-01,2024-03-31
0,Consumer Defensive,1,1,7,1.0,0.142857,2024Q2,2024-04-01,2024-06-30
1,Consumer Cyclical,1,13,8,0.076923,0.125,2024Q2,2024-04-01,2024-06-30
1,Consumer Defensive,1,13,7,0.076923,0.142857,2024Q2,2024-04-01,2024-06-30
1,Financial Services,2,13,12,0.153846,0.166667,2024Q2,2024-04-01,2024-06-30
1,Healthcare,2,13,4,0.153846,0.5,2024Q2,2024-04-01,2024-06-30
1,Industrials,2,13,8,0.153846,0.25,2024Q2,2024-04-01,2024-06-30
1,Real Estate,5,13,6,0.384615,0.833333,2024Q2,2024-04-01,2024-06-30
2,Utilities,1,1,13,1.0,0.076923,2024Q2,2024-04-01,2024-06-30
3,Energy,2,9,7,0.222222,0.285714,2024Q2,2024-04-01,2024-06-30
3,Financial Services,3,9,12,0.333333,0.25,2024Q2,2024-04-01,2024-06-30
3,Utilities,4,9,13,0.444444,0.307692,2024Q2,2024-04-01,2024-06-30
4,Consumer Cyclical,6,19,8,0.315789,0.75,2024Q2,2024-04-01,2024-06-30
4,Consumer Defensive,2,19,7,0.105263,0.285714,2024Q2,2024-04-01,2024-06-30
4,Energy,1,19,7,0.052632,0.142857,2024Q2,2024-04-01,2024-06-30
4,Financial Services,2,19,12,0.105263,0.166667,2024Q2,2024-04-01,2024-06-30
4,Healthcare,2,19,4,0.105263,0.5,2024Q2,2024-04-01,2024-06-30
4,Industrials,3,19,8,0.157895,0.375,2024Q2,2024-04-01,2024-06-30
4,Real Estate,1,19,6,0.052632,0.166667,2024Q2,2024-04-01,2024-06-30
4,Technology,1,19,1,0.052632,1.0,2024Q2,2024-04-01,2024-06-30
4,Utilities,1,19,13,0.052632,0.076923,2024Q2,2024-04-01,2024-06-30
5,Financial Services,1,1,12,1.0,0.083333,2024Q2,2024-04-01,2024-06-30
6,Consumer Defensive,1,1,7,1.0,0.142857,2024Q2,2024-04-01,2024-06-30
7,Utilities,1,1,13,1.0,0.076923,2024Q2,2024-04-01,2024-06-30
8,Basic Materials,1,1,9,1.0,0.111111,2024Q2,2024-04-01,2024-06-30
9,Basic Materials,1,10,9,0.1,0.111111,2024Q2,2024-04-01,2024-06-30
9,Communication Services,2,10,2,0.2,1.0,2024Q2,2024-04-01,2024-06-30
9,Consumer Cyclical,1,10,8,0.1,0.125,2024Q2,2024-04-01,2024-06-30
9,Consumer Defensive,1,10,7,0.1,0.142857,2024Q2,2024-04-01,2024-06-30
9,Industrials,1,10,8,0.1,0.125,2024Q2,2024-04-01,2024-06-30
9,Utilities,4,10,13,0.4,0.307692,2024Q2,2024-04-01,2024-06-30
10,Industrials,1,1,8,1.0,0.125,2024Q2,2024-04-01,2024-06-30
11,Utilities,1,1,13,1.0,0.076923,2024Q2,2024-04-01,2024-06-30
12,Financial Services,1,1,12,1.0,0.083333,2024Q2,2024-04-01,2024-06-30
13,Utilities,1,1,13,1.0,0.076923,2024Q2,2024-04-01,2024-06-30
14,Industrials,1,1,8,1.0,0.125,2024Q2,2024-04-01,2024-06-30
15,Basic Materials,6,7,9,0.857143,0.666667,2024Q2,2024-04-01,2024-06-30
15,Financial Services,1,7,12,0.142857,0.083333,2024Q2,2024-04-01,2024-06-30
16,Basic Materials,1,1,9,1.0,0.111111,2024Q2,2024-04-01,2024-06-30
17,Consumer Defensive,1,1,7,1.0,0.142857,2024Q2,2024-04-01,2024-06-30
18,Energy,2,2,7,1.0,0.285714,2024Q2,2024-04-01,2024-06-30
19,Energy,1,1,7,1.0,0.142857,2024Q2,2024-04-01,2024-06-30
20,Financial Services,1,1,12,1.0,0.083333,2024Q2,2024-04-01,2024-06-30
21,Energy,1,1,7,1.0,0.142857,2024Q2,2024-04-01,2024-06-30
22,Financial Services,1,1,12,1.0,0.083333,2024Q2,2024-04-01,2024-06-30
0,Consumer Defensive,1,1,7,1.0,0.142857,2024Q3,2024-07-01,2024-09-30
1,Basic Materials,1,1,9,1.0,0.111111,2024Q3,2024-07-01,2024-09-30
2,Consumer Cyclical,6,18,8,0.333333,0.75,2024Q3,2024-07-01,2024-09-30
2,Consumer Defensive,3,18,7,0.166667,0.428571,2024Q3,2024-07-01,2024-09-30
2,Financial Services,2,18,12,0.111111,0.166667,2024Q3,2024-07-01,2024-09-30
2,Healthcare,1,18,4,0.055556,0.25,2024Q3,2024-07-01,2024-09-30
2,Industrials,3,18,8,0.166667,0.375,2024Q3,2024-07-01,2024-09-30
2,Real Estate,3,18,6,0.166667,0.5,2024Q3,2024-07-01,2024-09-30
3,Consumer Cyclical,1,5,8,0.2,0.125,2024Q3,2024-07-01,2024-09-30
3,Financial Services,3,5,12,0.6,0.25,2024Q3,2024-07-01,2024-09-30
3,Industrials,1,5,8,0.2,0.125,2024Q3,2024-07-01,2024-09-30
4,Financial Services,2,2,12,1.0,0.166667,2024Q3,2024-07-01,2024-09-30
5,Consumer Defensive,2,2,7,1.0,0.285714,2024Q3,2024-07-01,2024-09-30
6,Industrials,1,1,8,1.0,0.125,2024Q3,2024-07-01,2024-09-30
7,Basic Materials,5,7,9,0.714286,0.555556,2024Q3,2024-07-01,2024-09-30
7,Energy,1,7,7,0.142857,0.142857,2024Q3,2024-07-01,2024-09-30
7,Financial Services,1,7,12,0.142857,0.083333,2024Q3,2024-07-01,2024-09-30
8,Energy,3,3,7,1.0,0.428571,2024Q3,2024-07-01,2024-09-30
9,Basic Materials,1,17,9,0.058824,0.111111,2024Q3,2024-07-01,2024-09-30
9,Consumer Cyclical,1,17,8,0.058824,0.125,2024Q3,2024-07-01,2024-09-30
9,Financial Services,2,17,12,0.117647,0.166667,2024Q3,2024-07-01,2024-09-30
9,Healthcare,2,17,4,0.117647,0.5,2024Q3,2024-07-01,2024-09-30
9,Real Estate,3,17,6,0.176471,0.5,2024Q3,2024-07-01,2024-09-30
9,Technology,1,17,1,0.058824,1.0,2024Q3,2024-07-01,2024-09-30
9,Utilities,7,17,13,0.411765,0.538462,2024Q3,2024-07-01,2024-09-30
10,Utilities,3,3,13,1.0,0.230769,2024Q3,2024-07-01,2024-09-30
11,Utilities,1,1,13,1.0,0.076923,2024Q3,2024-07-01,2024-09-30
12,Financial Services,1,1,12,1.0,0.083333,2024Q3,2024-07-01,2024-09-30
13,Industrials,1,1,8,1.0,0.125,2024Q3,2024-07-01,2024-09-30
14,Utilities,1,1,13,1.0,0.076923,2024Q3,2024-07-01,2024-09-30
15,Basic Materials,2,2,9,1.0,0.222222,2024Q3,2024-07-01,2024-09-30
16,Energy,2,2,7,1.0,0.285714,2024Q3,2024-07-01,2024-09-30
17,Industrials,1,1,8,1.0,0.125,2024Q3,2024-07-01,2024-09-30
18,Financial Services,1,1,12,1.0,0.083333,2024Q3,2024-07-01,2024-09-30
19,Healthcare,1,1,4,1.0,0.25,2024Q3,2024-07-01,2024-09-30
20,Industrials,1,1,8,1.0,0.125,2024Q3,2024-07-01,2024-09-30
21,Utilities,1,1,13,1.0,0.076923,2024Q3,2024-07-01,2024-09-30
22,Consumer Defensive,1,1,7,1.0,0.142857,2024Q3,2024-07-01,2024-09-30
23,Communication Services,2,2,2,1.0,1.0,2024Q3,2024-07-01,2024-09-30
24,Energy,1,1,7,1.0,0.142857,2024Q3,2024-07-01,2024-09-30
0,Consumer Defensive,1,1,7,1.0,0.142857,2024Q4,2024-10-01,2024-12-31
1,Industrials,1,1,8,1.0,0.125,2024Q4,2024-10-01,2024-12-31
2,Consumer Cyclical,2,16,8,0.125,0.25,2024Q4,2024-10-01,2024-12-31
2,Energy,1,16,7,0.0625,0.142857,2024Q4,2024-10-01,2024-12-31
2,Real Estate,2,16,6,0.125,0.333333,2024Q4,2024-10-01,2024-12-31
2,Utilities,11,16,13,0.6875,0.846154,2024Q4,2024-10-01,2024-12-31
3,Basic Materials,1,16,9,0.0625,0.111111,2024Q4,2024-10-01,2024-12-31
3,Communication Services,2,16,2,0.125,1.0,2024Q4,2024-10-01,2024-12-31
3,Consumer Cyclical,3,16,8,0.1875,0.375,2024Q4,2024-10-01,2024-12-31
3,Consumer Defensive,1,16,7,0.0625,0.142857,2024Q4,2024-10-01,2024-12-31
3,Energy,2,16,7,0.125,0.285714,2024Q4,2024-10-01,2024-12-31
3,Financial Services,3,16,12,0.1875,0.25,2024Q4,2024-10-01,2024-12-31
3,Real Estate,3,16,6,0.1875,0.5,2024Q4,2024-10-01,2024-12-31
3,Utilities,1,16,13,0.0625,0.076923,2024Q4,2024-10-01,2024-12-31
4,Consumer Cyclical,3,25,8,0.12,0.375,2024Q4,2024-10-01,2024-12-31
4,Consumer Defensive,2,25,7,0.08,0.285714,2024Q4,2024-10-01,2024-12-31
4,Financial Services,8,25,12,0.32,0.666667,2024Q4,2024-10-01,2024-12-31
4,Healthcare,3,25,4,0.12,0.75,2024Q4,2024-10-01,2024-12-31
4,Industrials,6,25,8,0.24,0.75,2024Q4,2024-10-01,2024-12-31
4,Real Estate,1,25,6,0.04,0.166667,2024Q4,2024-10-01,2024-12-31
4,Technology,1,25,1,0.04,1.0,2024Q4,2024-10-01,2024-12-31
4,Utilities,1,25,13,0.04,0.076923,2024Q4,2024-10-01,2024-12-31
5,Basic Materials,1,1,9,1.0,0.111111,2024Q4,2024-10-01,2024-12-31
6,Consumer Defensive,2,2,7,1.0,0.285714,2024Q4,2024-10-01,2024-12-31
7,Basic Materials,4,5,9,0.8,0.444444,2024Q4,2024-10-01,2024-12-31
7,Financial Services,1,5,12,0.2,0.083333,2024Q4,2024-10-01,2024-12-31
8,Energy,1,1,7,1.0,0.142857,2024Q4,2024-10-01,2024-12-31
9,Industrials,1,1,8,1.0,0.125,2024Q4,2024-10-01,2024-12-31
10,Basic Materials,2,2,9,1.0,0.222222,2024Q4,2024-10-01,2024-12-31
11,Healthcare,1,1,4,1.0,0.25,2024Q4,2024-10-01,2024-12-31
12,Basic Materials,1,1,9,1.0,0.111111,2024Q4,2024-10-01,2024-12-31
13,Energy,3,3,7,1.0,0.428571,2024Q4,2024-10-01,2024-12-31
14,Consumer Defensive,1,1,7,1.0,0.142857,2024Q4,2024-10-01,2024-12-31
0,Consumer Defensive,1,1,7,1.0,0.142857,2025Q1,2025-01-01,2025-03-31
1,Industrials,1,1,8,1.0,0.125,2025Q1,2025-01-01,2025-03-31
2,Communication Services,2,18,2,0.111111,1.0,2025Q1,2025-01-01,2025-03-31
2,Consumer Cyclical,1,18,8,0.055556,0.125,2025Q1,2025-01-01,2025-03-31
2,Consumer Defensive,1,18,7,0.055556,0.142857,2025Q1,2025-01-01,2025-03-31
2,Financial Services,1,18,12,0.055556,0.083333,2025Q1,2025-01-01,2025-03-31
2,Healthcare,1,18,4,0.055556,0.25,2025Q1,2025-01-01,2025-03-31
2,Industrials,3,18,8,0.166667,0.375,2025Q1,2025-01-01,2025-03-31
2,Utilities,9,18,13,0.5,0.692308,2025Q1,2025-01-01,2025-03-31
3,Basic Materials,9,21,9,0.428571,1.0,2025Q1,2025-01-01,2025-03-31
3,Financial Services,8,21,12,0.380952,0.666667,2025Q1,2025-01-01,2025-03-31
3,Healthcare,1,21,4,0.047619,0.25,2025Q1,2025-01-01,2025-03-31
3,Industrials,1,21,8,0.047619,0.125,2025Q1,2025-01-01,2025-03-31
3,Real Estate,1,21,6,0.047619,0.166667,2025Q1,2025-01-01,2025-03-31
3,Utilities,1,21,13,0.047619,0.076923,2025Q1,2025-01-01,2025-03-31
4,Consumer Defensive,1,1,7,1.0,0.142857,2025Q1,2025-01-01,2025-03-31
5,Financial Services,1,1,12,1.0,0.083333,2025Q1,2025-01-01,2025-03-31
6,Consumer Cyclical,7,27,8,0.259259,0.875,2025Q1,2025-01-01,2025-03-31
6,Consumer Defensive,3,27,7,0.111111,0.428571,2025Q1,2025-01-01,2025-03-31
6,Energy,5,27,7,0.185185,0.714286,2025Q1,2025-01-01,2025-03-31
6,Financial Services,1,27,12,0.037037,0.083333,2025Q1,2025-01-01,2025-03-31
6,Healthcare,2,27,4,0.074074,0.5,2025Q1,2025-01-01,2025-03-31
6,Industrials,2,27,8,0.074074,0.25,2025Q1,2025-01-01,2025-03-31
6,Real Estate,5,27,6,0.185185,0.833333,2025Q1,2025-01-01,2025-03-31
6,Technology,1,27,1,0.037037,1.0,2025Q1,2025-01-01,2025-03-31
6,Utilities,1,27,13,0.037037,0.076923,2025Q1,2025-01-01,2025-03-31
7,Utilities,1,1,13,1.0,0.076923,2025Q1,2025-01-01,2025-03-31
8,Utilities,1,1,13,1.0,0.076923,2025Q1,2025-01-01,2025-03-31
9,Financial Services,1,1,12,1.0,0.083333,2025Q1,2025-01-01,2025-03-31
10,Industrials,1,1,8,1.0,0.125,2025Q1,2025-01-01,2025-03-31
11,Energy,2,2,7,1.0,0.285714,2025Q1,2025-01-01,2025-03-31
12,Consumer Defensive,1,1,7,1.0,0.142857,2025Q1,2025-01-01,2025-03-31
0,Communication Services,2,12,2,0.166667,1.0,2025Q2,2025-04-01,2025-06-30
0,Consumer Cyclical,1,12,8,0.083333,0.125,2025Q2,2025-04-01,2025-06-30
0,Consumer Defensive,1,12,7,0.083333,0.142857,2025Q2,2025-04-01,2025-06-30
0,Financial Services,2,12,12,0.166667,0.166667,2025Q2,2025-04-01,2025-06-30
0,Industrials,1,12,8,0.083333,0.125,2025Q2,2025-04-01,2025-06-30
0,Real Estate,2,12,6,0.166667,0.333333,2025Q2,2025-04-01,2025-06-30
0,Utilities,3,12,13,0.25,0.230769,2025Q2,2025-04-01,2025-06-30
1,Consumer Cyclical,3,19,8,0.157895,0.375,2025Q2,2025-04-01,2025-06-30
1,Energy,1,19,7,0.052632,0.142857,2025Q2,2025-04-01,2025-06-30
1,Industrials,4,19,8,0.210526,0.5,2025Q2,2025-04-01,2025-06-30
1,Real Estate,3,19,6,0.157895,0.5,2025Q2,2025-04-01,2025-06-30
1,Utilities,8,19,13,0.421053,0.615385,2025Q2,2025-04-01,2025-06-30
2,Consumer Cyclical,3,15,8,0.2,0.375,2025Q2,2025-04-01,2025-06-30
2,Consumer Defensive,1,15,7,0.066667,0.142857,2025Q2,2025-04-01,2025-06-30
2,Financial Services,6,15,12,0.4,0.5,2025Q2,2025-04-01,2025-06-30
2,Healthcare,1,15,4,0.066667,0.25,2025Q2,2025-04-01,2025-06-30
2,Industrials,1,15,8,0.066667,0.125,2025Q2,2025-04-01,2025-06-30
2,Technology,1,15,1,0.066667,1.0,2025Q2,2025-04-01,2025-06-30
2,Utilities,2,15,13,0.133333,0.153846,2025Q2,2025-04-01,2025-06-30
3,Financial Services,1,1,12,1.0,0.083333,2025Q2,2025-04-01,2025-06-30
4,Financial Services,2,2,12,1.0,0.166667,2025Q2,2025-04-01,2025-06-30
5,Consumer Defensive,1,1,7,1.0,0.142857,2025Q2,2025-04-01,2025-06-30
6,Basic Materials,9,14,9,0.642857,1.0,2025Q2,2025-04-01,2025-06-30
6,Consumer Cyclical,1,14,8,0.071429,0.125,2025Q2,2025-04-01,2025-06-30
6,Energy,1,14,7,0.071429,0.142857,2025Q2,2025-04-01,2025-06-30
6,Financial Services,1,14,12,0.071429,0.083333,2025Q2,2025-04-01,2025-06-30
6,Healthcare,1,14,4,0.071429,0.25,2025Q2,2025-04-01,2025-06-30
6,Real Estate,1,14,6,0.071429,0.166667,2025Q2,2025-04-01,2025-06-30
7,Energy,5,5,7,1.0,0.714286,2025Q2,2025-04-01,2025-06-30
8,Consumer Defensive,2,2,7,1.0,0.285714,2025Q2,2025-04-01,2025-06-30
9,Industrials,1,1,8,1.0,0.125,2025Q2,2025-04-01,2025-06-30
10,Healthcare,1,1,4,1.0,0.25,2025Q2,2025-04-01,2025-06-30
11,Consumer Defensive,1,1,7,1.0,0.142857,2025Q2,2025-04-01,2025-06-30
12,Industrials,1,1,8,1.0,0.125,2025Q2,2025-04-01,2025-06-30
13,Healthcare,1,1,4,1.0,0.25,2025Q2,2025-04-01,2025-06-30
14,Consumer Defensive,1,1,7,1.0,0.142857,2025Q2,2025-04-01,2025-06-30
0,Consumer Defensive,1,1,8,1.0,0.125,2025Q3,2025-07-01,2025-09-30
1,Consumer Cyclical,6,18,8,0.333333,0.75,2025Q3,2025-07-01,2025-09-30
1,Consumer Defensive,2,18,8,0.111111,0.25,2025Q3,2025-07-01,2025-09-30
1,Energy,1,18,7,0.055556,0.142857,2025Q3,2025-07-01,2025-09-30
1,Financial Services,2,18,12,0.111111,0.166667,2025Q3,2025-07-01,2025-09-30
1,Industrials,3,18,8,0.166667,0.375,2025Q3,2025-07-01,2025-09-30
1,Real Estate,4,18,6,0.222222,0.666667,2025Q3,2025-07-01,2025-09-30
2,Communication Services,2,2,2,1.0,1.0,2025Q3,2025-07-01,2025-09-30
3,Consumer Cyclical,2,27,8,0.074074,0.25,2025Q3,2025-07-01,2025-09-30
3,Consumer Defensive,1,27,8,0.037037,0.125,2025Q3,2025-07-01,2025-09-30
3,Financial Services,9,27,12,0.333333,0.75,2025Q3,2025-07-01,2025-09-30
3,Healthcare,1,27,4,0.037037,0.25,2025Q3,2025-07-01,2025-09-30
3,Industrials,1,27,8,0.037037,0.125,2025Q3,2025-07-01,2025-09-30
3,Real Estate,1,27,6,0.037037,0.166667,2025Q3,2025-07-01,2025-09-30
3,Technology,1,27,1,0.037037,1.0,2025Q3,2025-07-01,2025-09-30
3,Utilities,11,27,13,0.407407,0.846154,2025Q3,2025-07-01,2025-09-30
4,Industrials,1,1,8,1.0,0.125,2025Q3,2025-07-01,2025-09-30
5,Consumer Defensive,1,1,8,1.0,0.125,2025Q3,2025-07-01,2025-09-30
6,Basic Materials,6,7,9,0.857143,0.666667,2025Q3,2025-07-01,2025-09-30
6,Financial Services,1,7,12,0.142857,0.083333,2025Q3,2025-07-01,2025-09-30
7,Energy,2,2,7,1.0,0.285714,2025Q3,2025-07-01,2025-09-30
8,Basic Materials,1,1,9,1.0,0.111111,2025Q3,2025-07-01,2025-09-30
9,Energy,1,1,7,1.0,0.142857,2025Q3,2025-07-01,2025-09-30
10,Utilities,1,1,13,1.0,0.076923,2025Q3,2025-07-01,2025-09-30
11,Utilities,1,1,13,1.0,0.076923,2025Q3,2025-07-01,2025-09-30
12,Industrials,1,1,8,1.0,0.125,2025Q3,2025-07-01,2025-09-30
13,Healthcare,1,1,4,1.0,0.25,2025Q3,2025-07-01,2025-09-30
14,Healthcare,1,1,4,1.0,0.25,2025Q3,2025-07-01,2025-09-30
15,Basic Materials,2,2,9,1.0,0.222222,2025Q3,2025-07-01,2025-09-30
16,Consumer Defensive,1,1,8,1.0,0.125,2025Q3,2025-07-01,2025-09-30
17,Real Estate,1,1,6,1.0,0.166667,2025Q3,2025-07-01,2025-09-30
18,Consumer Defensive,1,1,8,1.0,0.125,2025Q3,2025-07-01,2025-09-30
19,Energy,2,3,7,0.666667,0.285714,2025Q3,2025-07-01,2025-09-30
19,Industrials,1,3,8,0.333333,0.125,2025Q3,2025-07-01,2025-09-30
20,Industrials,1,1,8,1.0,0.125,2025Q3,2025-07-01,2025-09-30
21,Healthcare,1,1,4,1.0,0.25,2025Q3,2025-07-01,2025-09-30
22,Energy,1,1,7,1.0,0.142857,2025Q3,2025-07-01,2025-09-30
23,Consumer Defensive,1,1,8,1.0,0.125,2025Q3,2025-07-01,2025-09-30
0,Consumer Cyclical,2,14,8,0.142857,0.25,2025Q4,2025-10-01,2025-12-31
0,Consumer Defensive,3,14,8,0.214286,0.375,2025Q4,2025-10-01,2025-12-31
0,Financial Services,1,14,12,0.071429,0.083333,2025Q4,2025-10-01,2025-12-31
0,Healthcare,1,14,4,0.071429,0.25,2025Q4,2025-10-01,2025-12-31
0,Industrials,1,14,8,0.071429,0.125,2025Q4,2025-10-01,2025-12-31
0,Real Estate,4,14,6,0.285714,0.666667,2025Q4,2025-10-01,2025-12-31
0,Utilities,2,14,13,0.142857,0.153846,2025Q4,2025-10-01,2025-12-31
1,Consumer Defensive,1,1,8,1.0,0.125,2025Q4,2025-10-01,2025-12-31
2,Industrials,1,1,8,1.0,0.125,2025Q4,2025-10-01,2025-12-31
3,Energy,1,1,7,1.0,0.142857,2025Q4,2025-10-01,2025-12-31
4,Communication Services,2,21,2,0.095238,1.0,2025Q4,2025-10-01,2025-12-31
4,Consumer Cyclical,1,21,8,0.047619,0.125,2025Q4,2025-10-01,2025-12-31
4,Financial Services,6,21,12,0.285714,0.5,2025Q4,2025-10-01,2025-12-31
4,Healthcare,2,21,4,0.095238,0.5,2025Q4,2025-10-01,2025-12-31
4,Industrials,1,21,8,0.047619,0.125,2025Q4,2025-10-01,2025-12-31
4,Utilities,9,21,13,0.428571,0.692308,2025Q4,2025-10-01,2025-12-31
5,Industrials,1,1,8,1.0,0.125,2025Q4,2025-10-01,2025-12-31
6,Consumer Defensive,1,3,8,0.333333,0.125,2025Q4,2025-10-01,2025-12-31
6,Financial Services,2,3,12,0.666667,0.166667,2025Q4,2025-10-01,2025-12-31
7,Consumer Defensive,1,1,8,1.0,0.125,2025Q4,2025-10-01,2025-12-31
8,Basic Materials,6,7,9,0.857143,0.666667,2025Q4,2025-10-01,2025-12-31
8,Financial Services,1,7,12,0.142857,0.083333,2025Q4,2025-10-01,2025-12-31
9,Energy,1,1,7,1.0,0.142857,2025Q4,2025-10-01,2025-12-31
10,Basic Materials,1,1,9,1.0,0.111111,2025Q4,2025-10-01,2025-12-31
11,Energy,3,5,7,0.6,0.428571,2025Q4,2025-10-01,2025-12-31
11,Financial Services,1,5,12,0.2,0.083333,2025Q4,2025-10-01,2025-12-31
11,Real Estate,1,5,6,0.2,0.166667,2025Q4,2025-10-01,2025-12-31
12,Consumer Cyclical,5,17,8,0.294118,0.625,2025Q4,2025-10-01,2025-12-31
12,Consumer Defensive,2,17,8,0.117647,0.25,2025Q4,2025-10-01,2025-12-31
12,Energy,2,17,7,0.117647,0.285714,2025Q4,2025-10-01,2025-12-31
12,Healthcare,1,17,4,0.058824,0.25,2025Q4,2025-10-01,2025-12-31
12,Industrials,3,17,8,0.176471,0.375,2025Q4,2025-10-01,2025-12-31
12,Real Estate,1,17,6,0.058824,0.166667,2025Q4,2025-10-01,2025-12-31
12,Technology,1,17,1,0.058824,1.0,2025Q4,2025-10-01,2025-12-31
12,Utilities,2,17,13,0.117647,0.153846,2025Q4,2025-10-01,2025-12-31
13,Industrials,1,1,8,1.0,0.125,2025Q4,2025-10-01,2025-12-31
14,Financial Services,1,1,12,1.0,0.083333,2025Q4,2025-10-01,2025-12-31
15,Basic Materials,2,2,9,1.0,0.222222,2025Q4,2025-10-01,2025-12-31
